日期,最高气温,最低气温,天气,风向,风力,url
2021-01-01 星期五 ,0℃,-11℃,晴,东北风 ,2级,https://lishi.tianqi.com/beijing/202101.html
2021-01-02 星期六 ,0℃,-9℃,晴,东北风 ,2级,https://lishi.tianqi.com/beijing/202101.html
2021-01-03 星期日 ,0℃,-7℃,多云,东北风 ,2级,https://lishi.tianqi.com/beijing/202101.html
2021-01-04 星期一 ,-1℃,-11℃,晴,北风 ,3级,https://lishi.tianqi.com/beijing/202101.html
2021-01-05 星期二 ,-2℃,-11℃,晴,西北风 ,3级,https://lishi.tianqi.com/beijing/202101.html
2021-01-06 星期三 ,0℃,-19℃,多云,西北风 ,4级,https://lishi.tianqi.com/beijing/202101.html
2021-01-07 星期四 ,-7℃,-14℃,晴,西北风 ,3级,https://lishi.tianqi.com/beijing/202101.html
2021-01-08 星期五 ,-2℃,-10℃,晴,西北风 ,3级,https://lishi.tianqi.com/beijing/202101.html
2021-01-09 星期六 ,1℃,-8℃,晴,西北风 ,2级,https://lishi.tianqi.com/beijing/202101.html
2021-01-10 星期日 ,1℃,-7℃,多云,北风 ,2级,https://lishi.tianqi.com/beijing/202101.html
2021-01-11 星期一 ,2℃,-8℃,多云,西北风 ,2级,https://lishi.tianqi.com/beijing/202101.html
2021-01-12 星期二 ,4℃,-6℃,晴,北风 ,1级,https://lishi.tianqi.com/beijing/202101.html
2021-01-13 星期三 ,9℃,-6℃,晴,北风 ,2级,https://lishi.tianqi.com/beijing/202101.html
2021-01-14 星期四 ,2℃,-4℃,阴,东北风 ,2级,https://lishi.tianqi.com/beijing/202101.html
2021-01-15 星期五 ,3℃,-8℃,晴,北风 ,3级,https://lishi.tianqi.com/beijing/202101.html
2021-01-16 星期六 ,0℃,-8℃,晴,西北风 ,3级,https://lishi.tianqi.com/beijing/202101.html
2021-01-17 星期日 ,3℃,-7℃,晴,西风 ,2级,https://lishi.tianqi.com/beijing/202101.html
2021-01-18 星期一 ,4℃,-6℃,晴,东北风 ,2级,https://lishi.tianqi.com/beijing/202101.html
2021-01-19 星期二 ,-3℃,-8℃,阴,东北风 ,2级,https://lishi.tianqi.com/beijing/202101.html
2021-01-20 星期三 ,1℃,-5℃,晴,北风 ,1级,https://lishi.tianqi.com/beijing/202101.html
2021-01-21 星期四 ,5℃,-5℃,阴,西北风 ,1级,https://lishi.tianqi.com/beijing/202101.html
2021-01-22 星期五 ,5℃,-7℃,晴,东北风 ,1级,https://lishi.tianqi.com/beijing/202101.html
2021-01-23 星期六 ,3℃,-6℃,多云,西南风 ,1级,https://lishi.tianqi.com/beijing/202101.html
2021-01-24 星期日 ,5℃,-5℃,晴,北风 ,1级,https://lishi.tianqi.com/beijing/202101.html
2021-01-25 星期一 ,1℃,-6℃,雨夹雪,西北风 ,1级,https://lishi.tianqi.com/beijing/202101.html
2021-01-26 星期二 ,6℃,-7℃,阴,西北风 ,2级,https://lishi.tianqi.com/beijing/202101.html
2021-01-27 星期三 ,3℃,-6℃,阴,北风 ,2级,https://lishi.tianqi.com/beijing/202101.html
2021-01-28 星期四 ,-1℃,-9℃,晴,西北风 ,4级,https://lishi.tianqi.com/beijing/202101.html
2021-01-29 星期五 ,0℃,-8℃,晴,东风 ,1级,https://lishi.tianqi.com/beijing/202101.html
2021-01-30 星期六 ,7℃,-7℃,晴,西风 ,3级,https://lishi.tianqi.com/beijing/202101.html
2021-01-31 星期日 ,0℃,-5℃,多云,东北风 ,1级,https://lishi.tianqi.com/beijing/202101.html
2021-02-01 星期一 ,3℃,-8℃,晴,西北风 ,3级,https://lishi.tianqi.com/beijing/202102.html
2021-02-02 星期二 ,0℃,-9℃,晴,西风 ,3级,https://lishi.tianqi.com/beijing/202102.html
2021-02-03 星期三 ,7℃,-6℃,晴,西北风 ,3级,https://lishi.tianqi.com/beijing/202102.html
2021-02-04 星期四 ,10℃,-5℃,晴,西南风 ,2级,https://lishi.tianqi.com/beijing/202102.html
2021-02-05 星期五 ,15℃,-1℃,晴,西北风 ,1级,https://lishi.tianqi.com/beijing/202102.html
2021-02-06 星期六 ,16℃,-1℃,多云,北风 ,2级,https://lishi.tianqi.com/beijing/202102.html
2021-02-07 星期日 ,7℃,-4℃,晴,北风 ,2级,https://lishi.tianqi.com/beijing/202102.html
2021-02-08 星期一 ,8℃,-5℃,晴,东南风 ,1级,https://lishi.tianqi.com/beijing/202102.html
2021-02-09 星期二 ,10℃,-3℃,晴,西北风 ,1级,https://lishi.tianqi.com/beijing/202102.html
2021-02-10 星期三 ,15℃,-3℃,晴,北风 ,1级,https://lishi.tianqi.com/beijing/202102.html
2021-02-11 星期四 ,10℃,0℃,霾,北风 ,1级,https://lishi.tianqi.com/beijing/202102.html
2021-02-12 星期五 ,14℃,1℃,霾,北风 ,2级,https://lishi.tianqi.com/beijing/202102.html
2021-02-13 星期六 ,8℃,2℃,霾,东北风 ,1级,https://lishi.tianqi.com/beijing/202102.html
2021-02-14 星期日 ,4℃,-4℃,晴,东北风 ,2级,https://lishi.tianqi.com/beijing/202102.html
2021-02-15 星期一 ,5℃,-2℃,晴,西风 ,3级,https://lishi.tianqi.com/beijing/202102.html
2021-02-16 星期二 ,0℃,-6℃,晴,北风 ,4级,https://lishi.tianqi.com/beijing/202102.html
2021-02-17 星期三 ,2℃,-6℃,晴,北风 ,3级,https://lishi.tianqi.com/beijing/202102.html
2021-02-18 星期四 ,6℃,-4℃,晴,北风 ,1级,https://lishi.tianqi.com/beijing/202102.html
2021-02-19 星期五 ,16℃,-2℃,晴,西北风 ,1级,https://lishi.tianqi.com/beijing/202102.html
2021-02-20 星期六 ,20℃,4℃,多云,西北风 ,1级,https://lishi.tianqi.com/beijing/202102.html
2021-02-21 星期日 ,25℃,4℃,晴,西北风 ,2级,https://lishi.tianqi.com/beijing/202102.html
2021-02-22 星期一 ,12℃,1℃,多云,东北风 ,3级,https://lishi.tianqi.com/beijing/202102.html
2021-02-23 星期二 ,3℃,-2℃,阴,东南风 ,3级,https://lishi.tianqi.com/beijing/202102.html
2021-02-24 星期三 ,4℃,-2℃,多云,东风 ,1级,https://lishi.tianqi.com/beijing/202102.html
2021-02-25 星期四 ,7℃,-2℃,晴,东北风 ,1级,https://lishi.tianqi.com/beijing/202102.html
2021-02-26 星期五 ,11℃,-2℃,晴,南风 ,1级,https://lishi.tianqi.com/beijing/202102.html
2021-02-27 星期六 ,11℃,2℃,阴,南风 ,2级,https://lishi.tianqi.com/beijing/202102.html
2021-02-28 星期日 ,5℃,1℃,小雪,东风 ,2级,https://lishi.tianqi.com/beijing/202102.html
2021-03-01 星期一 ,5℃,-6℃,小雪,南风 ,2级,https://lishi.tianqi.com/beijing/202103.html
2021-03-02 星期二 ,4℃,-2℃,多云,南风 ,2级,https://lishi.tianqi.com/beijing/202103.html
2021-03-03 星期三 ,6℃,2℃,多云,东北风 ,1级,https://lishi.tianqi.com/beijing/202103.html
2021-03-04 星期四 ,11℃,2℃,阴,东北风 ,1级,https://lishi.tianqi.com/beijing/202103.html
2021-03-05 星期五 ,9℃,-2℃,雾,东风 ,3级,https://lishi.tianqi.com/beijing/202103.html
2021-03-06 星期六 ,4℃,-5℃,阴,南风 ,2级,https://lishi.tianqi.com/beijing/202103.html
2021-03-07 星期日 ,8℃,-2℃,多云,南风 ,2级,https://lishi.tianqi.com/beijing/202103.html
2021-03-08 星期一 ,10℃,1℃,多云,南风 ,1级,https://lishi.tianqi.com/beijing/202103.html
2021-03-09 星期二 ,15℃,3℃,多云,北风 ,1级,https://lishi.tianqi.com/beijing/202103.html
2021-03-10 星期三 ,16℃,8℃,雾,南风 ,2级,https://lishi.tianqi.com/beijing/202103.html
2021-03-11 星期四 ,17℃,7℃,阴,南风 ,2级,https://lishi.tianqi.com/beijing/202103.html
2021-03-12 星期五 ,10℃,6℃,小雨,南风 ,2级,https://lishi.tianqi.com/beijing/202103.html
2021-03-13 星期六 ,14℃,8℃,多云,南风 ,1级,https://lishi.tianqi.com/beijing/202103.html
2021-03-14 星期日 ,13℃,9℃,阴,南风 ,2级,https://lishi.tianqi.com/beijing/202103.html
2021-03-15 星期一 ,12℃,2℃,扬沙,西北风 ,3级,https://lishi.tianqi.com/beijing/202103.html
2021-03-16 星期二 ,15℃,3℃,浮尘,北风 ,2级,https://lishi.tianqi.com/beijing/202103.html
2021-03-17 星期三 ,13℃,6℃,小雨,东南风 ,2级,https://lishi.tianqi.com/beijing/202103.html
2021-03-18 星期四 ,8℃,3℃,阴,东南风 ,2级,https://lishi.tianqi.com/beijing/202103.html
2021-03-19 星期五 ,10℃,5℃,阴,南风 ,2级,https://lishi.tianqi.com/beijing/202103.html
2021-03-20 星期六 ,13℃,3℃,浮尘,西北风 ,3级,https://lishi.tianqi.com/beijing/202103.html
2021-03-21 星期日 ,12℃,1℃,晴,西北风 ,3级,https://lishi.tianqi.com/beijing/202103.html
2021-03-22 星期一 ,19℃,5℃,晴,西风 ,2级,https://lishi.tianqi.com/beijing/202103.html
2021-03-23 星期二 ,23℃,8℃,晴,西南风 ,2级,https://lishi.tianqi.com/beijing/202103.html
2021-03-24 星期三 ,21℃,6℃,阴,东北风 ,2级,https://lishi.tianqi.com/beijing/202103.html
2021-03-25 星期四 ,21℃,11℃,多云,南风 ,2级,https://lishi.tianqi.com/beijing/202103.html
2021-03-26 星期五 ,14℃,10℃,小雨,南风 ,2级,https://lishi.tianqi.com/beijing/202103.html
2021-03-27 星期六 ,18℃,10℃,雾,南风 ,2级,https://lishi.tianqi.com/beijing/202103.html
2021-03-28 星期日 ,18℃,8℃,扬沙,西北风 ,4级,https://lishi.tianqi.com/beijing/202103.html
2021-03-29 星期一 ,19℃,6℃,多云,西北风 ,2级,https://lishi.tianqi.com/beijing/202103.html
2021-03-30 星期二 ,21℃,9℃,多云,西南风 ,2级,https://lishi.tianqi.com/beijing/202103.html
2021-03-31 星期三 ,24℃,10℃,多云,东北风 ,2级,https://lishi.tianqi.com/beijing/202103.html
2021-04-01 星期四 ,18℃,13℃,阴,东南风 ,2级,https://lishi.tianqi.com/beijing/202104.html
2021-04-02 星期五 ,16℃,10℃,阴,东南风 ,2级,https://lishi.tianqi.com/beijing/202104.html
2021-04-03 星期六 ,18℃,7℃,阴,东北风 ,3级,https://lishi.tianqi.com/beijing/202104.html
2021-04-04 星期日 ,20℃,7℃,晴,西南风 ,2级,https://lishi.tianqi.com/beijing/202104.html
2021-04-05 星期一 ,18℃,7℃,多云,西南风 ,3级,https://lishi.tianqi.com/beijing/202104.html
2021-04-06 星期二 ,21℃,10℃,晴,西南风 ,2级,https://lishi.tianqi.com/beijing/202104.html
2021-04-07 星期三 ,19℃,5℃,晴,东南风 ,3级,https://lishi.tianqi.com/beijing/202104.html
2021-04-08 星期四 ,19℃,10℃,晴,南风 ,2级,https://lishi.tianqi.com/beijing/202104.html
2021-04-09 星期五 ,17℃,6℃,晴,东风 ,2级,https://lishi.tianqi.com/beijing/202104.html
2021-04-10 星期六 ,19℃,13℃,多云,南风 ,2级,https://lishi.tianqi.com/beijing/202104.html
2021-04-11 星期日 ,20℃,8℃,阴,南风 ,3级,https://lishi.tianqi.com/beijing/202104.html
2021-04-12 星期一 ,17℃,8℃,晴,北风 ,3级,https://lishi.tianqi.com/beijing/202104.html
2021-04-13 星期二 ,16℃,8℃,晴,西北风 ,3级,https://lishi.tianqi.com/beijing/202104.html
2021-04-14 星期三 ,21℃,10℃,晴,西南风 ,2级,https://lishi.tianqi.com/beijing/202104.html
2021-04-15 星期四 ,20℃,9℃,晴,西风 ,3级,https://lishi.tianqi.com/beijing/202104.html
2021-04-16 星期五 ,16℃,9℃,晴,西北风 ,3级,https://lishi.tianqi.com/beijing/202104.html
2021-04-17 星期六 ,20℃,5℃,晴,西北风 ,3级,https://lishi.tianqi.com/beijing/202104.html
2021-04-18 星期日 ,24℃,10℃,晴,西南风 ,2级,https://lishi.tianqi.com/beijing/202104.html
2021-04-19 星期一 ,28℃,15℃,多云,南风 ,2级,https://lishi.tianqi.com/beijing/202104.html
2021-04-20 星期二 ,26℃,13℃,多云,南风 ,3级,https://lishi.tianqi.com/beijing/202104.html
2021-04-21 星期三 ,21℃,12℃,阴,南风 ,3级,https://lishi.tianqi.com/beijing/202104.html
2021-04-22 星期四 ,16℃,9℃,晴,东风 ,2级,https://lishi.tianqi.com/beijing/202104.html
2021-04-23 星期五 ,21℃,13℃,多云,东风 ,2级,https://lishi.tianqi.com/beijing/202104.html
2021-04-24 星期六 ,19℃,14℃,多云,东风 ,2级,https://lishi.tianqi.com/beijing/202104.html
2021-04-25 星期日 ,20℃,10℃,多云,南风 ,2级,https://lishi.tianqi.com/beijing/202104.html
2021-04-26 星期一 ,21℃,9℃,阴,南风 ,3级,https://lishi.tianqi.com/beijing/202104.html
2021-04-27 星期二 ,21℃,11℃,晴,西北风 ,3级,https://lishi.tianqi.com/beijing/202104.html
2021-04-28 星期三 ,22℃,11℃,多云,西南风 ,3级,https://lishi.tianqi.com/beijing/202104.html
2021-04-29 星期四 ,13℃,8℃,晴,西北风 ,3级,https://lishi.tianqi.com/beijing/202104.html
2021-04-30 星期五 ,14℃,7℃,晴,西风 ,2级,https://lishi.tianqi.com/beijing/202104.html
2021-05-01 星期六 ,20℃,8℃,晴,北风 ,3级,https://lishi.tianqi.com/beijing/202105.html
2021-05-02 星期日 ,20℃,12℃,晴,南风 ,3级,https://lishi.tianqi.com/beijing/202105.html
2021-05-03 星期一 ,24℃,12℃,多云,南风 ,3级,https://lishi.tianqi.com/beijing/202105.html
2021-05-04 星期二 ,21℃,10℃,晴,西北风 ,3级,https://lishi.tianqi.com/beijing/202105.html
2021-05-05 星期三 ,27℃,15℃,多云,西南风 ,3级,https://lishi.tianqi.com/beijing/202105.html
2021-05-06 星期四 ,19℃,14℃,霾,西风 ,4级,https://lishi.tianqi.com/beijing/202105.html
2021-05-07 星期五 ,25℃,16℃,多云,西风 ,4级,https://lishi.tianqi.com/beijing/202105.html
2021-05-08 星期六 ,25℃,12℃,多云,北风 ,3级,https://lishi.tianqi.com/beijing/202105.html
2021-05-09 星期日 ,25℃,13℃,多云,东南风 ,2级,https://lishi.tianqi.com/beijing/202105.html
2021-05-10 星期一 ,23℃,14℃,多云,东南风 ,3级,https://lishi.tianqi.com/beijing/202105.html
2021-05-11 星期二 ,24℃,13℃,阴,东南风 ,3级,https://lishi.tianqi.com/beijing/202105.html
2021-05-12 星期三 ,26℃,16℃,晴,东风 ,2级,https://lishi.tianqi.com/beijing/202105.html
2021-05-13 星期四 ,22℃,17℃,多云,东南风 ,2级,https://lishi.tianqi.com/beijing/202105.html
2021-05-14 星期五 ,20℃,18℃,阴,东南风 ,3级,https://lishi.tianqi.com/beijing/202105.html
2021-05-15 星期六 ,21℃,16℃,阴,北风 ,3级,https://lishi.tianqi.com/beijing/202105.html
2021-05-16 星期日 ,25℃,14℃,多云,西北风 ,3级,https://lishi.tianqi.com/beijing/202105.html
2021-05-17 星期一 ,30℃,16℃,多云,西风 ,2级,https://lishi.tianqi.com/beijing/202105.html
2021-05-18 星期二 ,32℃,19℃,多云,西南风 ,2级,https://lishi.tianqi.com/beijing/202105.html
2021-05-19 星期三 ,30℃,20℃,阴,西南风 ,3级,https://lishi.tianqi.com/beijing/202105.html
2021-05-20 星期四 ,27℃,16℃,多云,南风 ,2级,https://lishi.tianqi.com/beijing/202105.html
2021-05-21 星期五 ,30℃,19℃,小雨,西南风 ,2级,https://lishi.tianqi.com/beijing/202105.html
2021-05-22 星期六 ,32℃,18℃,小雨转阴,西南风 ,3级,https://lishi.tianqi.com/beijing/202105.html
2021-05-23 星期日 ,26℃,15℃,多云,西北风 ,4级,https://lishi.tianqi.com/beijing/202105.html
2021-05-24 星期一 ,24℃,13℃,多云转小雨,西北风 ,3级,https://lishi.tianqi.com/beijing/202105.html
2021-05-25 星期二 ,27℃,16℃,多云,西南风 ,3级,https://lishi.tianqi.com/beijing/202105.html
2021-05-26 星期三 ,26℃,15℃,多云转小雨,北风 ,2级,https://lishi.tianqi.com/beijing/202105.html
2021-05-27 星期四 ,28℃,17℃,多云转小雨,西北风 ,3级,https://lishi.tianqi.com/beijing/202105.html
2021-05-28 星期五 ,27℃,17℃,多云,西北风 ,3级,https://lishi.tianqi.com/beijing/202105.html
2021-05-29 星期六 ,27℃,16℃,多云,东风 ,3级,https://lishi.tianqi.com/beijing/202105.html
2021-05-30 星期日 ,27℃,15℃,多云,南风 ,2级,https://lishi.tianqi.com/beijing/202105.html
2021-05-31 星期一 ,20℃,16℃,小雨,东风 ,2级,https://lishi.tianqi.com/beijing/202105.html
2021-06-01 星期二 ,28℃,17℃,多云,东南风 ,3级,https://lishi.tianqi.com/beijing/202106.html
2021-06-02 星期三 ,26℃,15℃,多云,北风 ,2级,https://lishi.tianqi.com/beijing/202106.html
2021-06-03 星期四 ,29℃,14℃,晴,西北风 ,3级,https://lishi.tianqi.com/beijing/202106.html
2021-06-04 星期五 ,29℃,17℃,晴,西北风 ,3级,https://lishi.tianqi.com/beijing/202106.html
2021-06-05 星期六 ,33℃,17℃,晴,西北风 ,2级,https://lishi.tianqi.com/beijing/202106.html
2021-06-06 星期日 ,33℃,20℃,阴,东风 ,2级,https://lishi.tianqi.com/beijing/202106.html
2021-06-07 星期一 ,28℃,20℃,阴,东风 ,3级,https://lishi.tianqi.com/beijing/202106.html
2021-06-08 星期二 ,28℃,21℃,多云,东风 ,2级,https://lishi.tianqi.com/beijing/202106.html
2021-06-09 星期三 ,25℃,19℃,阴,北风 ,3级,https://lishi.tianqi.com/beijing/202106.html
2021-06-10 星期四 ,32℃,18℃,晴,西风 ,2级,https://lishi.tianqi.com/beijing/202106.html
2021-06-11 星期五 ,35℃,19℃,阴,西南风 ,2级,https://lishi.tianqi.com/beijing/202106.html
2021-06-12 星期六 ,35℃,23℃,阴,南风 ,2级,https://lishi.tianqi.com/beijing/202106.html
2021-06-13 星期日 ,34℃,23℃,阴,南风 ,2级,https://lishi.tianqi.com/beijing/202106.html
2021-06-14 星期一 ,28℃,22℃,多云,东风 ,2级,https://lishi.tianqi.com/beijing/202106.html
2021-06-15 星期二 ,32℃,20℃,阴,东南风 ,2级,https://lishi.tianqi.com/beijing/202106.html
2021-06-16 星期三 ,20℃,20℃,小雨,东南风 ,2级,https://lishi.tianqi.com/beijing/202106.html
2021-06-17 星期四 ,32℃,19℃,晴,西北风 ,3级,https://lishi.tianqi.com/beijing/202106.html
2021-06-18 星期五 ,34℃,19℃,晴,西北风 ,3级,https://lishi.tianqi.com/beijing/202106.html
2021-06-19 星期六 ,35℃,20℃,晴,西北风 ,3级,https://lishi.tianqi.com/beijing/202106.html
2021-06-20 星期日 ,34℃,23℃,多云,西南风 ,2级,https://lishi.tianqi.com/beijing/202106.html
2021-06-21 星期一 ,35℃,22℃,晴,东风 ,3级,https://lishi.tianqi.com/beijing/202106.html
2021-06-22 星期二 ,32℃,21℃,多云,南风 ,2级,https://lishi.tianqi.com/beijing/202106.html
2021-06-23 星期三 ,23℃,22℃,阴,东南风 ,2级,https://lishi.tianqi.com/beijing/202106.html
2021-06-24 星期四 ,27℃,20℃,小雨转阴,南风 ,2级,https://lishi.tianqi.com/beijing/202106.html
2021-06-25 星期五 ,28℃,22℃,小雨,东南风 ,2级,https://lishi.tianqi.com/beijing/202106.html
2021-06-26 星期六 ,27℃,22℃,晴,东北风 ,2级,https://lishi.tianqi.com/beijing/202106.html
2021-06-27 星期日 ,33℃,22℃,晴,东风 ,2级,https://lishi.tianqi.com/beijing/202106.html
2021-06-28 星期一 ,30℃,22℃,多云,东南风 ,2级,https://lishi.tianqi.com/beijing/202106.html
2021-06-29 星期二 ,27℃,22℃,小雨到中雨,东南风 ,2级,https://lishi.tianqi.com/beijing/202106.html
2021-06-30 星期三 ,29℃,23℃,晴,西风 ,1级,https://lishi.tianqi.com/beijing/202106.html
2021-07-01 星期四 ,29℃,19℃,阴,西南风 ,2级,https://lishi.tianqi.com/beijing/202107.html
2021-07-02 星期五 ,30℃,19℃,阴,南风 ,2级,https://lishi.tianqi.com/beijing/202107.html
2021-07-03 星期六 ,25℃,17℃,多云,东南风 ,2级,https://lishi.tianqi.com/beijing/202107.html
2021-07-04 星期日 ,35℃,23℃,多云,东南风 ,2级,https://lishi.tianqi.com/beijing/202107.html
2021-07-05 星期一 ,31℃,20℃,小雨到中雨,东南风 ,2级,https://lishi.tianqi.com/beijing/202107.html
2021-07-06 星期二 ,29℃,22℃,阴,南风 ,2级,https://lishi.tianqi.com/beijing/202107.html
2021-07-07 星期三 ,32℃,23℃,晴,东风 ,2级,https://lishi.tianqi.com/beijing/202107.html
2021-07-08 星期四 ,34℃,22℃,晴,西北风 ,2级,https://lishi.tianqi.com/beijing/202107.html
2021-07-09 星期五 ,32℃,23℃,晴,东风 ,2级,https://lishi.tianqi.com/beijing/202107.html
2021-07-10 星期六 ,31℃,23℃,阴,东南风 ,2级,https://lishi.tianqi.com/beijing/202107.html
2021-07-11 星期日 ,26℃,23℃,小雨到中雨,东北风 ,2级,https://lishi.tianqi.com/beijing/202107.html
2021-07-12 星期一 ,25℃,22℃,阴,东风 ,3级,https://lishi.tianqi.com/beijing/202107.html
2021-07-13 星期二 ,31℃,24℃,多云,北风 ,2级,https://lishi.tianqi.com/beijing/202107.html
2021-07-14 星期三 ,30℃,24℃,多云,东风 ,2级,https://lishi.tianqi.com/beijing/202107.html
2021-07-15 星期四 ,32℃,24℃,多云,东风 ,2级,https://lishi.tianqi.com/beijing/202107.html
2021-07-16 星期五 ,30℃,24℃,阴,东风 ,2级,https://lishi.tianqi.com/beijing/202107.html
2021-07-17 星期六 ,29℃,23℃,阴,东风 ,2级,https://lishi.tianqi.com/beijing/202107.html
2021-07-18 星期日 ,29℃,22℃,晴,东北风 ,3级,https://lishi.tianqi.com/beijing/202107.html
2021-07-19 星期一 ,30℃,24℃,阴,东南风 ,2级,https://lishi.tianqi.com/beijing/202107.html
2021-07-20 星期二 ,30℃,23℃,多云,东南风 ,2级,https://lishi.tianqi.com/beijing/202107.html
2021-07-21 星期三 ,28℃,23℃,阴,南风 ,2级,https://lishi.tianqi.com/beijing/202107.html
2021-07-22 星期四 ,28℃,23℃,阴,东南风 ,1级,https://lishi.tianqi.com/beijing/202107.html
2021-07-23 星期五 ,32℃,27℃,多云转小雨,西风 ,4级,https://lishi.tianqi.com/beijing/202107.html
2021-07-24 星期六 ,32℃,24℃,晴,南风 ,2级,https://lishi.tianqi.com/beijing/202107.html
2021-07-25 星期日 ,33℃,24℃,多云,南风 ,3级,https://lishi.tianqi.com/beijing/202107.html
2021-07-26 星期一 ,31℃,25℃,阴,南风 ,2级,https://lishi.tianqi.com/beijing/202107.html
2021-07-27 星期二 ,36℃,23℃,晴,西风 ,3级,https://lishi.tianqi.com/beijing/202107.html
2021-07-28 星期三 ,32℃,23℃,晴,东风 ,3级,https://lishi.tianqi.com/beijing/202107.html
2021-07-29 星期四 ,26℃,22℃,小雨,北风 ,2级,https://lishi.tianqi.com/beijing/202107.html
2021-07-30 星期五 ,30℃,22℃,多云,北风 ,2级,https://lishi.tianqi.com/beijing/202107.html
2021-07-31 星期六 ,34℃,23℃,多云转小雨,东北风 ,2级,https://lishi.tianqi.com/beijing/202107.html
2021-08-01 星期日 ,32℃,22℃,晴,北风 ,3级,https://lishi.tianqi.com/beijing/202108.html
2021-08-02 星期一 ,32℃,23℃,多云,东北风 ,2级,https://lishi.tianqi.com/beijing/202108.html
2021-08-03 星期二 ,31℃,24℃,阴,南风 ,2级,https://lishi.tianqi.com/beijing/202108.html
2021-08-04 星期三 ,34℃,26℃,多云,南风 ,2级,https://lishi.tianqi.com/beijing/202108.html
2021-08-05 星期四 ,32℃,23℃,多云,东南风 ,2级,https://lishi.tianqi.com/beijing/202108.html
2021-08-06 星期五 ,33℃,22℃,多云,南风 ,2级,https://lishi.tianqi.com/beijing/202108.html
2021-08-07 星期六 ,33℃,23℃,晴,东南风 ,2级,https://lishi.tianqi.com/beijing/202108.html
2021-08-08 星期日 ,32℃,23℃,多云,南风 ,2级,https://lishi.tianqi.com/beijing/202108.html
2021-08-09 星期一 ,30℃,22℃,晴,东风 ,2级,https://lishi.tianqi.com/beijing/202108.html
2021-08-10 星期二 ,33℃,23℃,晴,东南风 ,2级,https://lishi.tianqi.com/beijing/202108.html
2021-08-11 星期三 ,30℃,23℃,阴,东风 ,2级,https://lishi.tianqi.com/beijing/202108.html
2021-08-12 星期四 ,29℃,22℃,多云,东南风 ,2级,https://lishi.tianqi.com/beijing/202108.html
2021-08-13 星期五 ,29℃,22℃,多云,东南风 ,2级,https://lishi.tianqi.com/beijing/202108.html
2021-08-14 星期六 ,27℃,18℃,小雨,东北风 ,3级,https://lishi.tianqi.com/beijing/202108.html
2021-08-15 星期日 ,28℃,22℃,小雨,南风 ,2级,https://lishi.tianqi.com/beijing/202108.html
2021-08-16 星期一 ,28℃,22℃,小雨转多云,东南风 ,1级,https://lishi.tianqi.com/beijing/202108.html
2021-08-17 星期二 ,30℃,21℃,多云,东风 ,2级,https://lishi.tianqi.com/beijing/202108.html
2021-08-18 星期三 ,28℃,23℃,多云,东南风 ,2级,https://lishi.tianqi.com/beijing/202108.html
2021-08-19 星期四 ,24℃,20℃,阴,南风 ,2级,https://lishi.tianqi.com/beijing/202108.html
2021-08-20 星期五 ,28℃,21℃,多云,东北风 ,2级,https://lishi.tianqi.com/beijing/202108.html
2021-08-21 星期六 ,31℃,22℃,晴,西南风 ,2级,https://lishi.tianqi.com/beijing/202108.html
2021-08-22 星期日 ,30℃,23℃,多云,南风 ,2级,https://lishi.tianqi.com/beijing/202108.html
2021-08-23 星期一 ,30℃,20℃,中雨,南风 ,2级,https://lishi.tianqi.com/beijing/202108.html
2021-08-24 星期二 ,28℃,19℃,晴,西风 ,2级,https://lishi.tianqi.com/beijing/202108.html
2021-08-25 星期三 ,28℃,18℃,晴,西风 ,2级,https://lishi.tianqi.com/beijing/202108.html
2021-08-26 星期四 ,26℃,17℃,晴,南风 ,3级,https://lishi.tianqi.com/beijing/202108.html
2021-08-27 星期五 ,33℃,22℃,晴,东风 ,2级,https://lishi.tianqi.com/beijing/202108.html
2021-08-28 星期六 ,28℃,18℃,多云,北风 ,2级,https://lishi.tianqi.com/beijing/202108.html
2021-08-29 星期日 ,29℃,19℃,多云,南风 ,2级,https://lishi.tianqi.com/beijing/202108.html
2021-08-30 星期一 ,28℃,20℃,多云,东南风 ,2级,https://lishi.tianqi.com/beijing/202108.html
2021-08-31 星期二 ,27℃,17℃,晴,南风 ,2级,https://lishi.tianqi.com/beijing/202108.html
2021-09-01 星期三 ,29℃,18℃,晴,南风 ,2级,https://lishi.tianqi.com/beijing/202109.html
2021-09-02 星期四 ,29℃,18℃,阴,东风 ,1级,https://lishi.tianqi.com/beijing/202109.html
2021-09-03 星期五 ,30℃,22℃,多云,南风 ,1级,https://lishi.tianqi.com/beijing/202109.html
2021-09-04 星期六 ,23℃,20℃,阴到小雨,东风 ,1级,https://lishi.tianqi.com/beijing/202109.html
2021-09-05 星期日 ,24℃,20℃,小雨,北风 ,1级,https://lishi.tianqi.com/beijing/202109.html
2021-09-06 星期一 ,23℃,14℃,晴,东北风 ,1级,https://lishi.tianqi.com/beijing/202109.html
2021-09-07 星期二 ,27℃,17℃,晴,东风 ,2级,https://lishi.tianqi.com/beijing/202109.html
2021-09-08 星期三 ,29℃,19℃,多云,西北风 ,2级,https://lishi.tianqi.com/beijing/202109.html
2021-09-09 星期四 ,26℃,18℃,阴,东北风 ,1级,https://lishi.tianqi.com/beijing/202109.html
2021-09-10 星期五 ,24℃,16℃,多云,西南风 ,1级,https://lishi.tianqi.com/beijing/202109.html
2021-09-11 星期六 ,31℃,22℃,多云,东风 ,1级,https://lishi.tianqi.com/beijing/202109.html
2021-09-12 星期日 ,23℃,20℃,多云,东北风 ,2级,https://lishi.tianqi.com/beijing/202109.html
2021-09-13 星期一 ,29℃,20℃,多云,东北风 ,1级,https://lishi.tianqi.com/beijing/202109.html
2021-09-14 星期二 ,25℃,17℃,多云,东北风 ,1级,https://lishi.tianqi.com/beijing/202109.html
2021-09-15 星期三 ,25℃,19℃,多云,东北风 ,1级,https://lishi.tianqi.com/beijing/202109.html
2021-09-16 星期四 ,24℃,17℃,多云,西风 ,1级,https://lishi.tianqi.com/beijing/202109.html
2021-09-17 星期五 ,27℃,17℃,晴,东南风 ,1级,https://lishi.tianqi.com/beijing/202109.html
2021-09-18 星期六 ,24℃,18℃,阴,东北风 ,1级,https://lishi.tianqi.com/beijing/202109.html
2021-09-19 星期日 ,19℃,16℃,小雨,东风 ,2级,https://lishi.tianqi.com/beijing/202109.html
2021-09-20 星期一 ,33℃,26℃,多云,西南风 ,2级,https://lishi.tianqi.com/beijing/202109.html
2021-09-21 星期二 ,27℃,11℃,晴,西南风 ,1级,https://lishi.tianqi.com/beijing/202109.html
2021-09-22 星期三 ,29℃,17℃,多云,南风 ,1级,https://lishi.tianqi.com/beijing/202109.html
2021-09-23 星期四 ,27℃,17℃,多云,东风 ,2级,https://lishi.tianqi.com/beijing/202109.html
2021-09-24 星期五 ,19℃,18℃,阴,北风 ,1级,https://lishi.tianqi.com/beijing/202109.html
2021-09-25 星期六 ,24℃,19℃,小雨到中雨,东北风 ,1级,https://lishi.tianqi.com/beijing/202109.html
2021-09-26 星期日 ,19℃,17℃,多云,东北风 ,1级,https://lishi.tianqi.com/beijing/202109.html
2021-09-27 星期一 ,28℃,17℃,多云,南风 ,1级,https://lishi.tianqi.com/beijing/202109.html
2021-09-28 星期二 ,23℃,17℃,多云,南风 ,1级,https://lishi.tianqi.com/beijing/202109.html
2021-09-29 星期三 ,23℃,15℃,阴,西北风 ,3级,https://lishi.tianqi.com/beijing/202109.html
2021-09-30 星期四 ,22℃,16℃,晴,南风 ,1级,https://lishi.tianqi.com/beijing/202109.html
2021-10-01 星期五 ,23℃,16℃,多云,南风 ,2级,https://lishi.tianqi.com/beijing/202110.html
2021-10-02 星期六 ,27℃,18℃,多云,东南风 ,1级,https://lishi.tianqi.com/beijing/202110.html
2021-10-03 星期日 ,21℃,16℃,多云,西北风 ,2级,https://lishi.tianqi.com/beijing/202110.html
2021-10-04 星期一 ,18℃,12℃,小雨,西北风 ,1级,https://lishi.tianqi.com/beijing/202110.html
2021-10-05 星期二 ,15℃,12℃,小雨,西风 ,1级,https://lishi.tianqi.com/beijing/202110.html
2021-10-06 星期三 ,12℃,7℃,多云,西风 ,1级,https://lishi.tianqi.com/beijing/202110.html
2021-10-07 星期四 ,19℃,7℃,晴,西南风 ,2级,https://lishi.tianqi.com/beijing/202110.html
2021-10-08 星期五 ,20℃,9℃,多云,东南风 ,1级,https://lishi.tianqi.com/beijing/202110.html
2021-10-09 星期六 ,14℃,12℃,阴,西北风 ,1级,https://lishi.tianqi.com/beijing/202110.html
2021-10-10 星期日 ,19℃,5℃,晴,南风 ,0级,https://lishi.tianqi.com/beijing/202110.html
2021-10-11 星期一 ,19℃,5℃,晴,东南风 ,0级,https://lishi.tianqi.com/beijing/202110.html
2021-10-12 星期二 ,19℃,8℃,晴,西风 ,1级,https://lishi.tianqi.com/beijing/202110.html
2021-10-13 星期三 ,18℃,12℃,多云,东南风 ,0级,https://lishi.tianqi.com/beijing/202110.html
2021-10-14 星期四 ,19℃,11℃,多云,东风 ,1级,https://lishi.tianqi.com/beijing/202110.html
2021-10-15 星期五 ,20℃,5℃,多云,北风 ,2级,https://lishi.tianqi.com/beijing/202110.html
2021-10-16 星期六 ,12℃,1℃,晴,西风 ,1级,https://lishi.tianqi.com/beijing/202110.html
2021-10-17 星期日 ,15℃,2℃,晴,东风 ,1级,https://lishi.tianqi.com/beijing/202110.html
2021-10-18 星期一 ,8℃,-5℃,晴,北风 ,3级,https://lishi.tianqi.com/beijing/202110.html
2021-10-19 星期二 ,14℃,1℃,晴,南风 ,1级,https://lishi.tianqi.com/beijing/202110.html
2021-10-20 星期三 ,14℃,3℃,晴,东风 ,0级,https://lishi.tianqi.com/beijing/202110.html
2021-10-21 星期四 ,19℃,5℃,晴,南风 ,0级,https://lishi.tianqi.com/beijing/202110.html
2021-10-22 星期五 ,18℃,3℃,晴,东南风 ,1级,https://lishi.tianqi.com/beijing/202110.html
2021-10-23 星期六 ,17℃,4℃,晴,东北风 ,0级,https://lishi.tianqi.com/beijing/202110.html
2021-10-24 星期日 ,17℃,5℃,晴,西北风 ,1级,https://lishi.tianqi.com/beijing/202110.html
2021-10-25 星期一 ,18℃,6℃,阴,西南风 ,2级,https://lishi.tianqi.com/beijing/202110.html
2021-10-26 星期二 ,22℃,5℃,晴,西南风 ,1级,https://lishi.tianqi.com/beijing/202110.html
2021-10-27 星期三 ,21℃,7℃,多云,西风 ,2级,https://lishi.tianqi.com/beijing/202110.html
2021-10-28 星期四 ,19℃,7℃,晴,东北风 ,1级,https://lishi.tianqi.com/beijing/202110.html
2021-10-29 星期五 ,19℃,6℃,晴,北风 ,1级,https://lishi.tianqi.com/beijing/202110.html
2021-10-30 星期六 ,20℃,8℃,阴,西北风 ,1级,https://lishi.tianqi.com/beijing/202110.html
2021-10-31 星期日 ,18℃,5℃,晴,北风 ,1级,https://lishi.tianqi.com/beijing/202110.html
2021-11-01 星期一 ,13℃,6℃,多云~阴,南风 ,1级,https://lishi.tianqi.com/beijing/202111.html
2021-11-02 星期二 ,12℃,4℃,小雨~雾,西南风 ,1级,https://lishi.tianqi.com/beijing/202111.html
2021-11-03 星期三 ,12℃,5℃,多云~雾,东南风 ,1级,https://lishi.tianqi.com/beijing/202111.html
2021-11-04 星期四 ,14℃,7℃,多云,东北风 ,1级,https://lishi.tianqi.com/beijing/202111.html
2021-11-05 星期五 ,12℃,10℃,多云~小雨,东北风 ,1级,https://lishi.tianqi.com/beijing/202111.html
2021-11-06 星期六 ,12℃,-1℃,小雨~大雪,北风 ,3级,https://lishi.tianqi.com/beijing/202111.html
2021-11-07 星期日 ,1℃,-4℃,中雪~多云,西北风 ,3级,https://lishi.tianqi.com/beijing/202111.html
2021-11-08 星期一 ,7℃,-2℃,晴,西北风 ,4级,https://lishi.tianqi.com/beijing/202111.html
2021-11-09 星期二 ,11℃,1℃,晴,西北风 ,4级,https://lishi.tianqi.com/beijing/202111.html
2021-11-10 星期三 ,14℃,2℃,晴,西北风 ,4级,https://lishi.tianqi.com/beijing/202111.html
2021-11-11 星期四 ,13℃,0℃,晴,西北风 ,3级,https://lishi.tianqi.com/beijing/202111.html
2021-11-12 星期五 ,15℃,0℃,晴,西北风 ,2级,https://lishi.tianqi.com/beijing/202111.html
2021-11-13 星期六 ,18℃,1℃,晴,西北风 ,2级,https://lishi.tianqi.com/beijing/202111.html
2021-11-14 星期日 ,16℃,2℃,晴,西北风 ,2级,https://lishi.tianqi.com/beijing/202111.html
2021-11-15 星期一 ,11℃,0℃,晴,东北风 ,1级,https://lishi.tianqi.com/beijing/202111.html
2021-11-16 星期二 ,11℃,2℃,多云~雾,西南风 ,1级,https://lishi.tianqi.com/beijing/202111.html
2021-11-17 星期三 ,13℃,1℃,多云~晴,西风 ,1级,https://lishi.tianqi.com/beijing/202111.html
2021-11-18 星期四 ,9℃,2℃,多云,北风 ,1级,https://lishi.tianqi.com/beijing/202111.html
2021-11-19 星期五 ,10℃,3℃,多云~阴,东风 ,2级,https://lishi.tianqi.com/beijing/202111.html
2021-11-20 星期六 ,8℃,0℃,多云,东北风 ,1级,https://lishi.tianqi.com/beijing/202111.html
2021-11-21 星期日 ,7℃,-1℃,多云~晴,西北风 ,3级,https://lishi.tianqi.com/beijing/202111.html
2021-11-22 星期一 ,4℃,-5℃,晴,西北风 ,4级,https://lishi.tianqi.com/beijing/202111.html
2021-11-23 星期二 ,8℃,-4℃,晴,西南风 ,1级,https://lishi.tianqi.com/beijing/202111.html
2021-11-24 星期三 ,12℃,-2℃,多云~晴,西北风 ,1级,https://lishi.tianqi.com/beijing/202111.html
2021-11-25 星期四 ,13℃,-2℃,多云~晴,西北风 ,1级,https://lishi.tianqi.com/beijing/202111.html
2021-11-26 星期五 ,13℃,-3℃,多云~晴,北风 ,2级,https://lishi.tianqi.com/beijing/202111.html
2021-11-27 星期六 ,10℃,0℃,多云~阴,东北风 ,1级,https://lishi.tianqi.com/beijing/202111.html
2021-11-28 星期日 ,9℃,2℃,多云~阴,北风 ,1级,https://lishi.tianqi.com/beijing/202111.html
2021-11-29 星期一 ,7℃,-1℃,小雨~多云,北风 ,2级,https://lishi.tianqi.com/beijing/202111.html
2021-11-30 星期二 ,5℃,-5℃,多云~晴,西北风 ,4级,https://lishi.tianqi.com/beijing/202111.html
2021-12-01 星期三 ,9℃,-5℃,多云,西南风 ,2级,https://lishi.tianqi.com/beijing/202112.html
2021-12-02 星期四 ,13℃,0℃,多云,西北风 ,2级,https://lishi.tianqi.com/beijing/202112.html
2021-12-03 星期五 ,2℃,-8℃,多云,北风 ,1级,https://lishi.tianqi.com/beijing/202112.html
2021-12-04 星期六 ,13℃,-2℃,晴,北风 ,1级,https://lishi.tianqi.com/beijing/202112.html
2021-12-05 星期日 ,10℃,1℃,多云,东风 ,1级,https://lishi.tianqi.com/beijing/202112.html
2021-12-06 星期一 ,12℃,-3℃,多云,东南风 ,1级,https://lishi.tianqi.com/beijing/202112.html
2021-12-07 星期二 ,9℃,0℃,多云,东北风 ,2级,https://lishi.tianqi.com/beijing/202112.html
2021-12-08 星期三 ,6℃,1℃,小雨,东南风 ,2级,https://lishi.tianqi.com/beijing/202112.html
2021-12-09 星期四 ,3℃,1℃,晴,东风 ,1级,https://lishi.tianqi.com/beijing/202112.html
2021-12-10 星期五 ,9℃,-1℃,多云,东北风 ,1级,https://lishi.tianqi.com/beijing/202112.html
2021-12-11 星期六 ,10℃,-2℃,多云,西北风 ,2级,https://lishi.tianqi.com/beijing/202112.html
2021-12-12 星期日 ,3℃,-6℃,晴,西风 ,1级,https://lishi.tianqi.com/beijing/202112.html
2021-12-13 星期一 ,4℃,-5℃,晴,东风 ,0级,https://lishi.tianqi.com/beijing/202112.html
2021-12-14 星期二 ,2℃,-14℃,晴,西北风 ,1级,https://lishi.tianqi.com/beijing/202112.html
2021-12-15 星期三 ,3℃,-4℃,多云,北风 ,1级,https://lishi.tianqi.com/beijing/202112.html
2021-12-16 星期四 ,4℃,-7℃,晴,西北风 ,3级,https://lishi.tianqi.com/beijing/202112.html
2021-12-17 星期五 ,0℃,-8℃,晴,南风 ,2级,https://lishi.tianqi.com/beijing/202112.html
2021-12-18 星期六 ,3℃,0℃,阴,南风 ,0级,https://lishi.tianqi.com/beijing/202112.html
2021-12-19 星期日 ,8℃,-5℃,晴,西南风 ,1级,https://lishi.tianqi.com/beijing/202112.html
2021-12-20 星期一 ,14℃,-2℃,晴,西南风 ,1级,https://lishi.tianqi.com/beijing/202112.html
2021-12-21 星期二 ,8℃,-2℃,多云,东南风 ,3级,https://lishi.tianqi.com/beijing/202112.html
2021-12-22 星期三 ,13℃,0℃,晴,东北风 ,2级,https://lishi.tianqi.com/beijing/202112.html
2021-12-23 星期四 ,-1℃,-5℃,多云,东北风 ,2级,https://lishi.tianqi.com/beijing/202112.html
2021-12-24 星期五 ,-3℃,-9℃,晴,西南风 ,2级,https://lishi.tianqi.com/beijing/202112.html
2021-12-25 星期六 ,-4℃,-11℃,晴,西北风 ,2级,https://lishi.tianqi.com/beijing/202112.html
2021-12-26 星期日 ,-1℃,-8℃,晴,西南风 ,3级,https://lishi.tianqi.com/beijing/202112.html
2021-12-27 星期一 ,6℃,-8℃,晴,东风 ,1级,https://lishi.tianqi.com/beijing/202112.html
2021-12-28 星期二 ,6℃,-5℃,多云,西南风 ,1级,https://lishi.tianqi.com/beijing/202112.html
2021-12-29 星期三 ,5℃,-5℃,晴,西南风 ,2级,https://lishi.tianqi.com/beijing/202112.html
2021-12-30 星期四 ,5℃,-7℃,晴,西北风 ,3级,https://lishi.tianqi.com/beijing/202112.html
2021-12-31 星期五 ,4℃,-6℃,晴,东北风 ,2级,https://lishi.tianqi.com/beijing/202112.html
09:24:14
09:24:58
09:25:46
09:26:38
09:27:32
09:28:31
09:29:33
09:30:39
09:31:48
09:33:00
09:34:16
09:35:34
09:36:56
09:38:21
09:39:48
09:41:19
09:42:53
09:44:29
09:46:08
09:47:50
09:49:34
09:51:21
09:53:10
09:55:01
09:56:55
09:58:51
10:00:48
10:02:48
10:04:50
10:06:54
10:09:00
10:11:08
10:13:17
10:15:28
10:17:40
10:19:54
10:22:10
10:24:26
10:26:44
10:29:04
10:31:24
10:33:46
10:36:09
10:38:33
10:40:58
10:43:25
10:45:52
10:48:19
10:50:48
10:53:17
10:55:48
10:58:18
11:00:50
11:03:22
11:05:54
11:08:29
11:11:02
11:13:37
11:16:11
11:18:47
11:21:22
11:23:59
11:26:35
11:29:12
11:31:49
11:34:26
11:37:03
11:39:41
11:42:20
11:44:57
11:47:35
11:50:14
11:52:53
11:55:32
11:58:10
12:00:48
12:03:27
12:06:06
12:08:44
12:11:23
12:14:01
12:16:40
12:19:19
12:21:57
12:24:35
12:27:12
12:29:50
12:32:28
12:35:06
12:37:42
12:40:19
12:42:55
12:45:32
12:48:07
12:50:43
12:53:18
12:55:52
12:58:27
13:01:00
13:03:34
13:06:06
13:08:39
13:11:11
13:13:41
13:16:12
13:18:41
13:21:10
13:23:39
13:26:06
13:28:33
13:30:59
13:33:24
13:35:48
13:38:11
13:40:33
13:42:54
13:45:14
13:47:33
13:49:51
13:52:07
13:54:23
13:56:37
13:58:49
14:01:01
14:03:11
14:05:19
14:07:26
14:09:31
14:11:34
14:13:36
14:15:35
14:17:33
14:19:30
14:21:24
14:23:17
14:25:07
14:26:54
14:28:41
14:30:24
14:32:05
14:33:44
14:35:21
14:36:55
14:38:26
14:39:54
14:41:21
14:42:45
14:44:05
14:45:23
14:46:38
14:47:49
14:48:59
14:50:04
14:51:08
14:52:07
14:53:03
14:53:57
14:54:47
14:55:33
14:56:16
14:56:56
14:57:32
14:58:06
14:58:35
14:59:01
14:59:24
14:59:42
14:59:58
15:00:10
15:00:18
15:00:23
15:00:23
15:00:21
15:00:15
15:00:05
14:59:52
14:59:35
14:59:15
14:58:51
14:58:23
14:57:53
14:57:18
14:56:41
14:55:59
14:55:15
14:54:28
14:53:36
14:52:42
14:51:44
14:50:44
14:49:40
14:48:34
14:47:24
14:46:11
14:44:56
14:43:37
14:42:16
14:40:53
14:39:26
14:37:57
14:36:25
14:34:51
14:33:15
14:31:36
14:29:55
14:28:12
14:26:26
14:24:39
14:22:49
14:20:57
14:19:04
14:17:08
14:15:11
14:13:11
14:11:11
14:09:08
14:07:04
14:04:58
14:02:51
14:00:43
13:58:33
13:56:21
13:54:09
13:51:56
13:49:40
13:47:24
13:45:07
13:42:48
13:40:29
13:38:09
13:35:47
13:33:25
13:31:01
13:28:38
13:26:13
13:23:48
13:21:21
13:18:55
13:16:27
13:13:59
13:11:29
13:09:00
13:06:31
13:04:00
13:01:29
12:58:58
12:56:26
12:53:54
12:51:21
12:48:48
12:46:15
12:43:40
12:41:06
12:38:32
12:35:57
12:33:23
12:30:48
12:28:13
12:25:37
12:23:01
12:20:26
12:17:50
12:15:13
12:12:38
12:10:02
12:07:26
12:04:50
12:02:13
11:59:37
11:57:00
11:54:24
11:51:48
11:49:12
11:46:36
11:44:01
11:41:25
11:38:49
11:36:14
11:33:39
11:31:04
11:28:29
11:25:55
11:23:21
11:20:47
11:18:13
11:15:40
11:13:08
11:10:36
11:08:04
11:05:33
11:03:02
11:00:32
10:58:03
10:55:34
10:53:06
10:50:39
10:48:12
10:45:46
10:43:21
10:40:57
10:38:33
10:36:11
10:33:50
10:31:29
10:29:11
10:26:53
10:24:36
10:22:20
10:20:07
10:17:55
10:15:43
10:13:33
10:11:25
10:09:18
10:07:15
10:05:11
10:03:10
10:01:10
09:59:14
09:57:19
09:55:26
09:53:35
09:51:45
09:49:59
09:48:15
09:46:34
09:44:55
09:43:19
09:41:45
09:40:14
09:38:46
09:37:20
09:35:58
09:34:39
09:33:23
09:32:11
09:31:01
09:29:54
09:28:51
09:27:52
09:26:56
09:26:03
09:25:14
09:24:29
09:23:48
09:23:09
09:22:36
09:22:05
09:21:38
09:21:16
09:20:57
09:20:42
09:20:31
09:20:24
09:20:20
09:20:21
09:20:26
09:20:35
09:20:47
09:21:04
09:21:25
09:21:48
09:22:16
09:22:48
09:23:24
