日期,最高气温,最低气温,天气,风向,风力,日照时数,空气质量指数
2021-01-01 星期五 ,0℃,-11℃,晴,东北风 ,2级,9:24:14,"55
                                       "
2021-01-02 星期六 ,0℃,-9℃,晴,东北风 ,2级,9:24:58,"72
                                       "
2021-01-03 星期日 ,0℃,-7℃,多云,东北风 ,2级,9:25:46,"30
                                       "
2021-01-04 星期一 ,-1℃,-11℃,晴,北风 ,3级,9:26:38,"37
                                       "
2021-01-05 星期二 ,-2℃,-11℃,晴,西北风 ,3级,9:27:32,"28
                                       "
2021-01-06 星期三 ,0℃,-19℃,多云,西北风 ,4级,9:28:31,"61
                                       "
2021-01-07 星期四 ,-7℃,-14℃,晴,西北风 ,3级,9:29:33,"27
                                       "
2021-01-08 星期五 ,-2℃,-10℃,晴,西北风 ,3级,9:30:39,"28
                                       "
2021-01-09 星期六 ,1℃,-8℃,晴,西北风 ,2级,9:31:48,"34
                                       "
2021-01-10 星期日 ,1℃,-7℃,多云,北风 ,2级,9:33:00,"25
                                       "
2021-01-11 星期一 ,2℃,-8℃,多云,西北风 ,2级,9:34:16,"49
                                       "
2021-01-12 星期二 ,4℃,-6℃,晴,北风 ,1级,9:35:34,"97
                                       "
2021-01-13 星期三 ,9℃,-6℃,晴,北风 ,2级,9:36:56,"142
                                       "
2021-01-14 星期四 ,2℃,-4℃,阴,东北风 ,2级,9:38:21,"82
                                       "
2021-01-15 星期五 ,3℃,-8℃,晴,北风 ,3级,9:39:48,"99
                                       "
2021-01-16 星期六 ,0℃,-8℃,晴,西北风 ,3级,9:41:19,"30
                                       "
2021-01-17 星期日 ,3℃,-7℃,晴,西风 ,2级,9:42:53,"50
                                       "
2021-01-18 星期一 ,4℃,-6℃,晴,东北风 ,2级,9:44:29,"55
                                       "
2021-01-19 星期二 ,-3℃,-8℃,阴,东北风 ,2级,9:46:08,"46
                                       "
2021-01-20 星期三 ,1℃,-5℃,晴,北风 ,1级,9:47:50,"71
                                       "
2021-01-21 星期四 ,5℃,-5℃,阴,西北风 ,1级,9:49:34,"103
                                       "
2021-01-22 星期五 ,5℃,-7℃,晴,东北风 ,1级,9:51:21,"112
                                       "
2021-01-23 星期六 ,3℃,-6℃,多云,西南风 ,1级,9:53:10,"115
                                       "
2021-01-24 星期日 ,5℃,-5℃,晴,北风 ,1级,9:55:01,"137
                                       "
2021-01-25 星期一 ,1℃,-6℃,雨夹雪,西北风 ,1级,9:56:55,"175
                                       "
2021-01-26 星期二 ,6℃,-7℃,阴,西北风 ,2级,9:58:51,"110
                                       "
2021-01-27 星期三 ,3℃,-6℃,阴,北风 ,2级,10:00:48,"54
                                       "
2021-01-28 星期四 ,-1℃,-9℃,晴,西北风 ,4级,10:02:48,"44
                                       "
2021-01-29 星期五 ,0℃,-8℃,晴,东风 ,1级,10:04:50,"47
                                       "
2021-01-30 星期六 ,7℃,-7℃,晴,西风 ,3级,10:06:54,"68
                                       "
2021-01-31 星期日 ,0℃,-5℃,多云,东北风 ,1级,10:09:00,"87
                                       "
2021-02-01 星期一 ,3℃,-8℃,晴,西北风 ,3级,10:11:08,"48
                                       "
2021-02-02 星期二 ,0℃,-9℃,晴,西风 ,3级,10:13:17,"36
                                       "
2021-02-03 星期三 ,7℃,-6℃,晴,西北风 ,3级,10:15:28,"47
                                       "
2021-02-04 星期四 ,10℃,-5℃,晴,西南风 ,2级,10:17:40,"54
                                       "
2021-02-05 星期五 ,15℃,-1℃,晴,西北风 ,1级,10:19:54,"65
                                       "
2021-02-06 星期六 ,16℃,-1℃,多云,北风 ,2级,10:22:10,"81
                                       "
2021-02-07 星期日 ,7℃,-4℃,晴,北风 ,2级,10:24:26,"46
                                       "
2021-02-08 星期一 ,8℃,-5℃,晴,东南风 ,1级,10:26:44,"43
                                       "
2021-02-09 星期二 ,10℃,-3℃,晴,西北风 ,1级,10:29:04,"84
                                       "
2021-02-10 星期三 ,15℃,-3℃,晴,北风 ,1级,10:31:24,"99
                                       "
2021-02-11 星期四 ,10℃,0℃,霾,北风 ,1级,10:33:46,"204
                                       "
2021-02-12 星期五 ,14℃,1℃,霾,北风 ,2级,10:36:09,"249
                                       "
2021-02-13 星期六 ,8℃,2℃,霾,东北风 ,1级,10:38:33,"255
                                       "
2021-02-14 星期日 ,4℃,-4℃,晴,东北风 ,2级,10:40:58,"141
                                       "
2021-02-15 星期一 ,5℃,-2℃,晴,西风 ,3级,10:43:25,"33
                                       "
2021-02-16 星期二 ,0℃,-6℃,晴,北风 ,4级,10:45:52,"32
                                       "
2021-02-17 星期三 ,2℃,-6℃,晴,北风 ,3级,10:48:19,"22
                                       "
2021-02-18 星期四 ,6℃,-4℃,晴,北风 ,1级,10:50:48,"35
                                       "
2021-02-19 星期五 ,16℃,-2℃,晴,西北风 ,1级,10:53:17,"64
                                       "
2021-02-20 星期六 ,20℃,4℃,多云,西北风 ,1级,10:55:48,"70
                                       "
2021-02-21 星期日 ,25℃,4℃,晴,西北风 ,2级,10:58:18,"119
                                       "
2021-02-22 星期一 ,12℃,1℃,多云,东北风 ,3级,11:00:50,"55
                                       "
2021-02-23 星期二 ,3℃,-2℃,阴,东南风 ,3级,11:03:22,"47
                                       "
2021-02-24 星期三 ,4℃,-2℃,多云,东风 ,1级,11:05:54,"60
                                       "
2021-02-25 星期四 ,7℃,-2℃,晴,东北风 ,1级,11:08:29,"103
                                       "
2021-02-26 星期五 ,11℃,-2℃,晴,南风 ,1级,11:11:02,"170
                                       "
2021-02-27 星期六 ,11℃,2℃,阴,南风 ,2级,11:13:37,"162
                                       "
2021-02-28 星期日 ,5℃,1℃,小雪,东风 ,2级,11:16:11,"129
                                       "
2021-03-01 星期一 ,5℃,-6℃,小雪,南风 ,2级,11:18:47,"31
                                       "
2021-03-02 星期二 ,4℃,-2℃,多云,南风 ,2级,11:21:22,"79
                                       "
2021-03-03 星期三 ,6℃,2℃,多云,东北风 ,1级,11:23:59,"147
                                       "
2021-03-04 星期四 ,11℃,2℃,阴,东北风 ,1级,11:26:35,"198
                                       "
2021-03-05 星期五 ,9℃,-2℃,雾,东风 ,3级,11:29:12,"156
                                       "
2021-03-06 星期六 ,4℃,-5℃,阴,南风 ,2级,11:31:49,"48
                                       "
2021-03-07 星期日 ,8℃,-2℃,多云,南风 ,2级,11:34:26,"77
                                       "
2021-03-08 星期一 ,10℃,1℃,多云,南风 ,1级,11:37:03,"115
                                       "
2021-03-09 星期二 ,15℃,3℃,多云,北风 ,1级,11:39:41,"184
                                       "
2021-03-10 星期三 ,16℃,8℃,雾,南风 ,2级,11:42:20,"232
                                       "
2021-03-11 星期四 ,17℃,7℃,阴,南风 ,2级,11:44:57,"163
                                       "
2021-03-12 星期五 ,10℃,6℃,小雨,南风 ,2级,11:47:35,"135
                                       "
2021-03-13 星期六 ,14℃,8℃,多云,南风 ,1级,11:50:14,"134
                                       "
2021-03-14 星期日 ,13℃,9℃,阴,南风 ,2级,11:52:53,"172
                                       "
2021-03-15 星期一 ,12℃,2℃,扬沙,西北风 ,3级,11:55:32,"363
                                       "
2021-03-16 星期二 ,15℃,3℃,浮尘,北风 ,2级,11:58:10,"114
                                       "
2021-03-17 星期三 ,13℃,6℃,小雨,东南风 ,2级,12:00:48,"185
                                       "
2021-03-18 星期四 ,8℃,3℃,阴,东南风 ,2级,12:03:27,"97
                                       "
2021-03-19 星期五 ,10℃,5℃,阴,南风 ,2级,12:06:06,"97
                                       "
2021-03-20 星期六 ,13℃,3℃,浮尘,西北风 ,3级,12:08:44,"83
                                       "
2021-03-21 星期日 ,12℃,1℃,晴,西北风 ,3级,12:11:23,"32
                                       "
2021-03-22 星期一 ,19℃,5℃,晴,西风 ,2级,12:14:01,"128
                                       "
2021-03-23 星期二 ,23℃,8℃,晴,西南风 ,2级,12:16:40,"87
                                       "
2021-03-24 星期三 ,21℃,6℃,阴,东北风 ,2级,12:19:19,"106
                                       "
2021-03-25 星期四 ,21℃,11℃,多云,南风 ,2级,12:21:57,"88
                                       "
2021-03-26 星期五 ,14℃,10℃,小雨,南风 ,2级,12:24:35,"178
                                       "
2021-03-27 星期六 ,18℃,10℃,雾,南风 ,2级,12:27:12,"178
                                       "
2021-03-28 星期日 ,18℃,8℃,扬沙,西北风 ,4级,12:29:50,"289
                                       "
2021-03-29 星期一 ,19℃,6℃,多云,西北风 ,2级,12:32:28,"87
                                       "
2021-03-30 星期二 ,21℃,9℃,多云,西南风 ,2级,12:35:06,"141
                                       "
2021-03-31 星期三 ,24℃,10℃,多云,东北风 ,2级,12:37:42,"115
                                       "
2021-04-01 星期四 ,18℃,13℃,阴,东南风 ,2级,12:40:19,"113
                                       "
2021-04-02 星期五 ,16℃,10℃,阴,东南风 ,2级,12:42:55,"59
                                       "
2021-04-03 星期六 ,18℃,7℃,阴,东北风 ,3级,12:45:32,"37
                                       "
2021-04-04 星期日 ,20℃,7℃,晴,西南风 ,2级,12:48:07,"32
                                       "
2021-04-05 星期一 ,18℃,7℃,多云,西南风 ,3级,12:50:43,"60
                                       "
2021-04-06 星期二 ,21℃,10℃,晴,西南风 ,2级,12:53:18,"55
                                       "
2021-04-07 星期三 ,19℃,5℃,晴,东南风 ,3级,12:55:52,"66
                                       "
2021-04-08 星期四 ,19℃,10℃,晴,南风 ,2级,12:58:27,"64
                                       "
2021-04-09 星期五 ,17℃,6℃,晴,东风 ,2级,13:01:00,"64
                                       "
2021-04-10 星期六 ,19℃,13℃,多云,南风 ,2级,13:03:34,"89
                                       "
2021-04-11 星期日 ,20℃,8℃,阴,南风 ,3级,13:06:06,"83
                                       "
2021-04-12 星期一 ,17℃,8℃,晴,北风 ,3级,13:08:39,"74
                                       "
2021-04-13 星期二 ,16℃,8℃,晴,西北风 ,3级,13:11:11,"30
                                       "
2021-04-14 星期三 ,21℃,10℃,晴,西南风 ,2级,13:13:41,"66
                                       "
2021-04-15 星期四 ,20℃,9℃,晴,西风 ,3级,13:16:12,"171
                                       "
2021-04-16 星期五 ,16℃,9℃,晴,西北风 ,3级,13:18:41,"111
                                       "
2021-04-17 星期六 ,20℃,5℃,晴,西北风 ,3级,13:21:10,"34
                                       "
2021-04-18 星期日 ,24℃,10℃,晴,西南风 ,2级,13:23:39,"64
                                       "
2021-04-19 星期一 ,28℃,15℃,多云,南风 ,2级,13:26:06,"90
                                       "
2021-04-20 星期二 ,26℃,13℃,多云,南风 ,3级,13:28:33,"87
                                       "
2021-04-21 星期三 ,21℃,12℃,阴,南风 ,3级,13:30:59,"64
                                       "
2021-04-22 星期四 ,16℃,9℃,晴,东风 ,2级,13:33:24,"47
                                       "
2021-04-23 星期五 ,21℃,13℃,多云,东风 ,2级,13:35:48,"46
                                       "
2021-04-24 星期六 ,19℃,14℃,多云,东风 ,2级,13:38:11,"41
                                       "
2021-04-25 星期日 ,20℃,10℃,多云,南风 ,2级,13:40:33,"56
                                       "
2021-04-26 星期一 ,21℃,9℃,阴,南风 ,3级,13:42:54,"57
                                       "
2021-04-27 星期二 ,21℃,11℃,晴,西北风 ,3级,13:45:14,"80
                                       "
2021-04-28 星期三 ,22℃,11℃,多云,西南风 ,3级,13:47:33,"57
                                       "
2021-04-29 星期四 ,13℃,8℃,晴,西北风 ,3级,13:49:51,"56
                                       "
2021-04-30 星期五 ,14℃,7℃,晴,西风 ,2级,13:52:07,"32
                                       "
2021-05-01 星期六 ,20℃,8℃,晴,北风 ,3级,13:54:23,"29
                                       "
2021-05-02 星期日 ,20℃,12℃,晴,南风 ,3级,13:56:37,"41
                                       "
2021-05-03 星期一 ,24℃,12℃,多云,南风 ,3级,13:58:49,"65
                                       "
2021-05-04 星期二 ,21℃,10℃,晴,西北风 ,3级,14:01:01,"54
                                       "
2021-05-05 星期三 ,27℃,15℃,多云,西南风 ,3级,14:03:11,"74
                                       "
2021-05-06 星期四 ,19℃,14℃,霾,西风 ,4级,14:05:19,"200
                                       "
2021-05-07 星期五 ,25℃,16℃,多云,西风 ,4级,14:07:26,"142
                                       "
2021-05-08 星期六 ,25℃,12℃,多云,北风 ,3级,14:09:31,"95
                                       "
2021-05-09 星期日 ,25℃,13℃,多云,东南风 ,2级,14:11:34,"52
                                       "
2021-05-10 星期一 ,23℃,14℃,多云,东南风 ,3级,14:13:36,"52
                                       "
2021-05-11 星期二 ,24℃,13℃,阴,东南风 ,3级,14:15:35,"50
                                       "
2021-05-12 星期三 ,26℃,16℃,晴,东风 ,2级,14:17:33,"47
                                       "
2021-05-13 星期四 ,22℃,17℃,多云,东南风 ,2级,14:19:30,"61
                                       "
2021-05-14 星期五 ,20℃,18℃,阴,东南风 ,3级,14:21:24,"64
                                       "
2021-05-15 星期六 ,21℃,16℃,阴,北风 ,3级,14:23:17,"35
                                       "
2021-05-16 星期日 ,25℃,14℃,多云,西北风 ,3级,14:25:07,"26
                                       "
2021-05-17 星期一 ,30℃,16℃,多云,西风 ,2级,14:26:54,"43
                                       "
2021-05-18 星期二 ,32℃,19℃,多云,西南风 ,2级,14:28:41,"57
                                       "
2021-05-19 星期三 ,30℃,20℃,阴,西南风 ,3级,14:30:24,"72
                                       "
2021-05-20 星期四 ,27℃,16℃,多云,南风 ,2级,14:32:05,"63
                                       "
2021-05-21 星期五 ,30℃,19℃,小雨,西南风 ,2级,14:33:44,"71
                                       "
2021-05-22 星期六 ,32℃,18℃,小雨转阴,西南风 ,3级,14:35:21,"76
                                       "
2021-05-23 星期日 ,26℃,15℃,多云,西北风 ,4级,14:36:55,"135
                                       "
2021-05-24 星期一 ,24℃,13℃,多云转小雨,西北风 ,3级,14:38:26,"53
                                       "
2021-05-25 星期二 ,27℃,16℃,多云,西南风 ,3级,14:39:54,"67
                                       "
2021-05-26 星期三 ,26℃,15℃,多云转小雨,北风 ,2级,14:41:21,"52
                                       "
2021-05-27 星期四 ,28℃,17℃,多云转小雨,西北风 ,3级,14:42:45,"39
                                       "
2021-05-28 星期五 ,27℃,17℃,多云,西北风 ,3级,14:44:05,"28
                                       "
2021-05-29 星期六 ,27℃,16℃,多云,东风 ,3级,14:45:23,"39
                                       "
2021-05-30 星期日 ,27℃,15℃,多云,南风 ,2级,14:46:38,"45
                                       "
2021-05-31 星期一 ,20℃,16℃,小雨,东风 ,2级,14:47:49,"42
                                       "
2021-06-01 星期二 ,28℃,17℃,多云,东南风 ,3级,14:48:59,"37
                                       "
2021-06-02 星期三 ,26℃,15℃,多云,北风 ,2级,14:50:04,"45
                                       "
2021-06-03 星期四 ,29℃,14℃,晴,西北风 ,3级,14:51:08,"27
                                       "
2021-06-04 星期五 ,29℃,17℃,晴,西北风 ,3级,14:52:07,"34
                                       "
2021-06-05 星期六 ,33℃,17℃,晴,西北风 ,2级,14:53:03,"30
                                       "
2021-06-06 星期日 ,33℃,20℃,阴,东风 ,2级,14:53:57,"44
                                       "
2021-06-07 星期一 ,28℃,20℃,阴,东风 ,3级,14:54:47,"49
                                       "
2021-06-08 星期二 ,28℃,21℃,多云,东风 ,2级,14:55:33,"61
                                       "
2021-06-09 星期三 ,25℃,19℃,阴,北风 ,3级,14:56:16,"51
                                       "
2021-06-10 星期四 ,32℃,18℃,晴,西风 ,2级,14:56:56,"32
                                       "
2021-06-11 星期五 ,35℃,19℃,阴,西南风 ,2级,14:57:32,"51
                                       "
2021-06-12 星期六 ,35℃,23℃,阴,南风 ,2级,14:58:06,"88
                                       "
2021-06-13 星期日 ,34℃,23℃,阴,南风 ,2级,14:58:35,"81
                                       "
2021-06-14 星期一 ,28℃,22℃,多云,东风 ,2级,14:59:01,"33
                                       "
2021-06-15 星期二 ,32℃,20℃,阴,东南风 ,2级,14:59:24,"52
                                       "
2021-06-16 星期三 ,20℃,20℃,小雨,东南风 ,2级,14:59:42,"33
                                       "
2021-06-17 星期四 ,32℃,19℃,晴,西北风 ,3级,14:59:58,"28
                                       "
2021-06-18 星期五 ,34℃,19℃,晴,西北风 ,3级,15:00:10,"29
                                       "
2021-06-19 星期六 ,35℃,20℃,晴,西北风 ,3级,15:00:18,"36
                                       "
2021-06-20 星期日 ,34℃,23℃,多云,西南风 ,2级,15:00:23,"38
                                       "
2021-06-21 星期一 ,35℃,22℃,晴,东风 ,3级,15:00:23,"63
                                       "
2021-06-22 星期二 ,32℃,21℃,多云,南风 ,2级,15:00:21,"53
                                       "
2021-06-23 星期三 ,23℃,22℃,阴,东南风 ,2级,15:00:15,"38
                                       "
2021-06-24 星期四 ,27℃,20℃,小雨转阴,南风 ,2级,15:00:05,"43
                                       "
2021-06-25 星期五 ,28℃,22℃,小雨,东南风 ,2级,14:59:52,"49
                                       "
2021-06-26 星期六 ,27℃,22℃,晴,东北风 ,2级,14:59:35,"40
                                       "
2021-06-27 星期日 ,33℃,22℃,晴,东风 ,2级,14:59:15,"57
                                       "
2021-06-28 星期一 ,30℃,22℃,多云,东南风 ,2级,14:58:51,"62
                                       "
2021-06-29 星期二 ,27℃,22℃,小雨到中雨,东南风 ,2级,14:58:23,"43
                                       "
2021-06-30 星期三 ,29℃,23℃,晴,西风 ,1级,14:57:53,"34
                                       "
2021-07-01 星期四 ,29℃,19℃,阴,西南风 ,2级,14:57:18,"34
                                       "
2021-07-02 星期五 ,30℃,19℃,阴,南风 ,2级,14:56:41,"37
                                       "
2021-07-03 星期六 ,25℃,17℃,多云,东南风 ,2级,14:55:59,"37
                                       "
2021-07-04 星期日 ,35℃,23℃,多云,东南风 ,2级,14:55:15,"33
                                       "
2021-07-05 星期一 ,31℃,20℃,小雨到中雨,东南风 ,2级,14:54:28,"35
                                       "
2021-07-06 星期二 ,29℃,22℃,阴,南风 ,2级,14:53:36,"38
                                       "
2021-07-07 星期三 ,32℃,23℃,晴,东风 ,2级,14:52:42,"49
                                       "
2021-07-08 星期四 ,34℃,22℃,晴,西北风 ,2级,14:51:44,"38
                                       "
2021-07-09 星期五 ,32℃,23℃,晴,东风 ,2级,14:50:44,"51
                                       "
2021-07-10 星期六 ,31℃,23℃,阴,东南风 ,2级,14:49:40,"62
                                       "
2021-07-11 星期日 ,26℃,23℃,小雨到中雨,东北风 ,2级,14:48:34,"49
                                       "
2021-07-12 星期一 ,25℃,22℃,阴,东风 ,3级,14:47:24,"16
                                       "
2021-07-13 星期二 ,31℃,24℃,多云,北风 ,2级,14:46:11,"21
                                       "
2021-07-14 星期三 ,30℃,24℃,多云,东风 ,2级,14:44:56,"37
                                       "
2021-07-15 星期四 ,32℃,24℃,多云,东风 ,2级,14:43:37,"45
                                       "
2021-07-16 星期五 ,30℃,24℃,阴,东风 ,2级,14:42:16,"34
                                       "
2021-07-17 星期六 ,29℃,23℃,阴,东风 ,2级,14:40:53,"23
                                       "
2021-07-18 星期日 ,29℃,22℃,晴,东北风 ,3级,14:39:26,"26
                                       "
2021-07-19 星期一 ,30℃,24℃,阴,东南风 ,2级,14:37:57,"29
                                       "
2021-07-20 星期二 ,30℃,23℃,多云,东南风 ,2级,14:36:25,"36
                                       "
2021-07-21 星期三 ,28℃,23℃,阴,南风 ,2级,14:34:51,"32
                                       "
2021-07-22 星期四 ,28℃,23℃,阴,东南风 ,1级,14:33:15,"25
                                       "
2021-07-23 星期五 ,32℃,27℃,多云转小雨,西风 ,4级,14:31:36,"33
                                       "
2021-07-24 星期六 ,32℃,24℃,晴,南风 ,2级,14:29:55,"50
                                       "
2021-07-25 星期日 ,33℃,24℃,多云,南风 ,3级,14:28:12,"54
                                       "
2021-07-26 星期一 ,31℃,25℃,阴,南风 ,2级,14:26:26,"54
                                       "
2021-07-27 星期二 ,36℃,23℃,晴,西风 ,3级,14:24:39,"24
                                       "
2021-07-28 星期三 ,32℃,23℃,晴,东风 ,3级,14:22:49,"20
                                       "
2021-07-29 星期四 ,26℃,22℃,小雨,北风 ,2级,14:20:57,"20
                                       "
2021-07-30 星期五 ,30℃,22℃,多云,北风 ,2级,14:19:04,"19
                                       "
2021-07-31 星期六 ,34℃,23℃,多云转小雨,东北风 ,2级,14:17:08,"43
                                       "
2021-08-01 星期日 ,32℃,22℃,晴,北风 ,3级,14:15:11,"23
                                       "
2021-08-02 星期一 ,32℃,23℃,多云,东北风 ,2级,14:13:11,"24
                                       "
2021-08-03 星期二 ,31℃,24℃,阴,南风 ,2级,14:11:11,"39
                                       "
2021-08-04 星期三 ,34℃,26℃,多云,南风 ,2级,14:09:08,"49
                                       "
2021-08-05 星期四 ,32℃,23℃,多云,东南风 ,2级,14:07:04,"43
                                       "
2021-08-06 星期五 ,33℃,22℃,多云,南风 ,2级,14:04:58,"40
                                       "
2021-08-07 星期六 ,33℃,23℃,晴,东南风 ,2级,14:02:51,"68
                                       "
2021-08-08 星期日 ,32℃,23℃,多云,南风 ,2级,14:00:43,"64
                                       "
2021-08-09 星期一 ,30℃,22℃,晴,东风 ,2级,13:58:33,"40
                                       "
2021-08-10 星期二 ,33℃,23℃,晴,东南风 ,2级,13:56:21,"35
                                       "
2021-08-11 星期三 ,30℃,23℃,阴,东风 ,2级,13:54:09,"52
                                       "
2021-08-12 星期四 ,29℃,22℃,多云,东南风 ,2级,13:51:56,"48
                                       "
2021-08-13 星期五 ,29℃,22℃,多云,东南风 ,2级,13:49:40,"42
                                       "
2021-08-14 星期六 ,27℃,18℃,小雨,东北风 ,3级,13:47:24,"36
                                       "
2021-08-15 星期日 ,28℃,22℃,小雨,南风 ,2级,13:45:07,"34
                                       "
2021-08-16 星期一 ,28℃,22℃,小雨转多云,东南风 ,1级,13:42:48,"35
                                       "
2021-08-17 星期二 ,30℃,21℃,多云,东风 ,2级,13:40:29,"27
                                       "
2021-08-18 星期三 ,28℃,23℃,多云,东南风 ,2级,13:38:09,"33
                                       "
2021-08-19 星期四 ,24℃,20℃,阴,南风 ,2级,13:35:47,"29
                                       "
2021-08-20 星期五 ,28℃,21℃,多云,东北风 ,2级,13:33:25,"26
                                       "
2021-08-21 星期六 ,31℃,22℃,晴,西南风 ,2级,13:31:01,"31
                                       "
2021-08-22 星期日 ,30℃,23℃,多云,南风 ,2级,13:28:38,"58
                                       "
2021-08-23 星期一 ,30℃,20℃,中雨,南风 ,2级,13:26:13,"49
                                       "
2021-08-24 星期二 ,28℃,19℃,晴,西风 ,2级,13:23:48,"24
                                       "
2021-08-25 星期三 ,28℃,18℃,晴,西风 ,2级,13:21:21,"19
                                       "
2021-08-26 星期四 ,26℃,17℃,晴,南风 ,3级,13:18:55,"19
                                       "
2021-08-27 星期五 ,33℃,22℃,晴,东风 ,2级,13:16:27,"24
                                       "
2021-08-28 星期六 ,28℃,18℃,多云,北风 ,2级,13:13:59,"26
                                       "
2021-08-29 星期日 ,29℃,19℃,多云,南风 ,2级,13:11:29,"37
                                       "
2021-08-30 星期一 ,28℃,20℃,多云,东南风 ,2级,13:09:00,"50
                                       "
2021-08-31 星期二 ,27℃,17℃,晴,南风 ,2级,13:06:31,"42
                                       "
2021-09-01 星期三 ,29℃,18℃,晴,南风 ,2级,13:04:00,"40
                                       "
2021-09-02 星期四 ,29℃,18℃,阴,东风 ,1级,13:01:29,"45
                                       "
2021-09-03 星期五 ,30℃,22℃,多云,南风 ,1级,12:58:58,"53
                                       "
2021-09-04 星期六 ,23℃,20℃,阴到小雨,东风 ,1级,12:56:26,"35
                                       "
2021-09-05 星期日 ,24℃,20℃,小雨,北风 ,1级,12:53:54,"25
                                       "
2021-09-06 星期一 ,23℃,14℃,晴,东北风 ,1级,12:51:21,"19
                                       "
2021-09-07 星期二 ,27℃,17℃,晴,东风 ,2级,12:48:48,"28
                                       "
2021-09-08 星期三 ,29℃,19℃,多云,西北风 ,2级,12:46:15,"38
                                       "
2021-09-09 星期四 ,26℃,18℃,阴,东北风 ,1级,12:43:40,"47
                                       "
2021-09-10 星期五 ,24℃,16℃,多云,西南风 ,1级,12:41:06,"53
                                       "
2021-09-11 星期六 ,31℃,22℃,多云,东风 ,1级,12:38:32,"65
                                       "
2021-09-12 星期日 ,23℃,20℃,多云,东北风 ,2级,12:35:57,"50
                                       "
2021-09-13 星期一 ,29℃,20℃,多云,东北风 ,1级,12:33:23,"35
                                       "
2021-09-14 星期二 ,25℃,17℃,多云,东北风 ,1级,12:30:48,"37
                                       "
2021-09-15 星期三 ,25℃,19℃,多云,东北风 ,1级,12:28:13,"44
                                       "
2021-09-16 星期四 ,24℃,17℃,多云,西风 ,1级,12:25:37,"31
                                       "
2021-09-17 星期五 ,27℃,17℃,晴,东南风 ,1级,12:23:01,"27
                                       "
2021-09-18 星期六 ,24℃,18℃,阴,东北风 ,1级,12:20:26,"42
                                       "
2021-09-19 星期日 ,19℃,16℃,小雨,东风 ,2级,12:17:50,"31
                                       "
2021-09-20 星期一 ,33℃,26℃,多云,西南风 ,2级,12:15:13,"21
                                       "
2021-09-21 星期二 ,27℃,11℃,晴,西南风 ,1级,12:12:38,"20
                                       "
2021-09-22 星期三 ,29℃,17℃,多云,南风 ,1级,12:10:02,"29
                                       "
2021-09-23 星期四 ,27℃,17℃,多云,东风 ,2级,12:07:26,"47
                                       "
2021-09-24 星期五 ,19℃,18℃,阴,北风 ,1级,12:04:50,"24
                                       "
2021-09-25 星期六 ,24℃,19℃,小雨到中雨,东北风 ,1级,12:02:13,"26
                                       "
2021-09-26 星期日 ,19℃,17℃,多云,东北风 ,1级,11:59:37,"21
                                       "
2021-09-27 星期一 ,28℃,17℃,多云,南风 ,1级,11:57:00,"27
                                       "
2021-09-28 星期二 ,23℃,17℃,多云,南风 ,1级,11:54:24,"47
                                       "
2021-09-29 星期三 ,23℃,15℃,阴,西北风 ,3级,11:51:48,"43
                                       "
2021-09-30 星期四 ,22℃,16℃,晴,南风 ,1级,11:49:12,"54
                                       "
2021-10-01 星期五 ,23℃,16℃,多云,南风 ,2级,11:46:36,"29
                                       "
2021-10-02 星期六 ,27℃,18℃,多云,东南风 ,1级,11:44:01,"55
                                       "
2021-10-03 星期日 ,21℃,16℃,多云,西北风 ,2级,11:41:25,"50
                                       "
2021-10-04 星期一 ,18℃,12℃,小雨,西北风 ,1级,11:38:49,"18
                                       "
2021-10-05 星期二 ,15℃,12℃,小雨,西风 ,1级,11:36:14,"13
                                       "
2021-10-06 星期三 ,12℃,7℃,多云,西风 ,1级,11:33:39,"11
                                       "
2021-10-07 星期四 ,19℃,7℃,晴,西南风 ,2级,11:31:04,"17
                                       "
2021-10-08 星期五 ,20℃,9℃,多云,东南风 ,1级,11:28:29,"27
                                       "
2021-10-09 星期六 ,14℃,12℃,阴,西北风 ,1级,11:25:55,"34
                                       "
2021-10-10 星期日 ,19℃,5℃,晴,南风 ,0级,11:23:21,"23
                                       "
2021-10-11 星期一 ,19℃,5℃,晴,东南风 ,0级,11:20:47,"27
                                       "
2021-10-12 星期二 ,19℃,8℃,晴,西风 ,1级,11:18:13,"33
                                       "
2021-10-13 星期三 ,18℃,12℃,多云,东南风 ,0级,11:15:40,"48
                                       "
2021-10-14 星期四 ,19℃,11℃,多云,东风 ,1级,11:13:08,"40
                                       "
2021-10-15 星期五 ,20℃,5℃,多云,北风 ,2级,11:10:36,"27
                                       "
2021-10-16 星期六 ,12℃,1℃,晴,西风 ,1级,11:08:04,"22
                                       "
2021-10-17 星期日 ,15℃,2℃,晴,东风 ,1级,11:05:33,"38
                                       "
2021-10-18 星期一 ,8℃,-5℃,晴,北风 ,3级,11:03:02,"58
                                       "
2021-10-19 星期二 ,14℃,1℃,晴,南风 ,1级,11:00:32,"24
                                       "
2021-10-20 星期三 ,14℃,3℃,晴,东风 ,0级,10:58:03,"44
                                       "
2021-10-21 星期四 ,19℃,5℃,晴,南风 ,0级,10:55:34,"35
                                       "
2021-10-22 星期五 ,18℃,3℃,晴,东南风 ,1级,10:53:06,"30
                                       "
2021-10-23 星期六 ,17℃,4℃,晴,东北风 ,0级,10:50:39,"54
                                       "
2021-10-24 星期日 ,17℃,5℃,晴,西北风 ,1级,10:48:12,"91
                                       "
2021-10-25 星期一 ,18℃,6℃,阴,西南风 ,2级,10:45:46,"153
                                       "
2021-10-26 星期二 ,22℃,5℃,晴,西南风 ,1级,10:43:21,"87
                                       "
2021-10-27 星期三 ,21℃,7℃,多云,西风 ,2级,10:40:57,"31
                                       "
2021-10-28 星期四 ,19℃,7℃,晴,东北风 ,1级,10:38:33,"46
                                       "
2021-10-29 星期五 ,19℃,6℃,晴,北风 ,1级,10:36:11,"94
                                       "
2021-10-30 星期六 ,20℃,8℃,阴,西北风 ,1级,10:33:50,"126
                                       "
2021-10-31 星期日 ,18℃,5℃,晴,北风 ,1级,10:31:29,"52
                                       "
2021-11-01 星期一 ,13℃,6℃,多云~阴,南风 ,1级,10:29:11,"77
                                       "
2021-11-02 星期二 ,12℃,4℃,小雨~雾,西南风 ,1级,10:26:53,"91
                                       "
2021-11-03 星期三 ,12℃,5℃,多云~雾,东南风 ,1级,10:24:36,"123
                                       "
2021-11-04 星期四 ,14℃,7℃,多云,东北风 ,1级,10:22:20,"163
                                       "
2021-11-05 星期五 ,12℃,10℃,多云~小雨,东北风 ,1级,10:20:07,"187
                                       "
2021-11-06 星期六 ,12℃,-1℃,小雨~大雪,北风 ,3级,10:17:55,"117
                                       "
2021-11-07 星期日 ,1℃,-4℃,中雪~多云,西北风 ,3级,10:15:43,"17
                                       "
2021-11-08 星期一 ,7℃,-2℃,晴,西北风 ,4级,10:13:33,"18
                                       "
2021-11-09 星期二 ,11℃,1℃,晴,西北风 ,4级,10:11:25,"20
                                       "
2021-11-10 星期三 ,14℃,2℃,晴,西北风 ,4级,10:09:18,"19
                                       "
2021-11-11 星期四 ,13℃,0℃,晴,西北风 ,3级,10:07:15,"18
                                       "
2021-11-12 星期五 ,15℃,0℃,晴,西北风 ,2级,10:05:11,"37
                                       "
2021-11-13 星期六 ,18℃,1℃,晴,西北风 ,2级,10:03:10,"56
                                       "
2021-11-14 星期日 ,16℃,2℃,晴,西北风 ,2级,10:01:10,"59
                                       "
2021-11-15 星期一 ,11℃,0℃,晴,东北风 ,1级,9:59:14,"75
                                       "
2021-11-16 星期二 ,11℃,2℃,多云~雾,西南风 ,1级,9:57:19,"75
                                       "
2021-11-17 星期三 ,13℃,1℃,多云~晴,西风 ,1级,9:55:26,"108
                                       "
2021-11-18 星期四 ,9℃,2℃,多云,北风 ,1级,9:53:35,"130
                                       "
2021-11-19 星期五 ,10℃,3℃,多云~阴,东风 ,2级,9:51:45,"36
                                       "
2021-11-20 星期六 ,8℃,0℃,多云,东北风 ,1级,9:49:59,"58
                                       "
2021-11-21 星期日 ,7℃,-1℃,多云~晴,西北风 ,3级,9:48:15,"96
                                       "
2021-11-22 星期一 ,4℃,-5℃,晴,西北风 ,4级,9:46:34,"30
                                       "
2021-11-23 星期二 ,8℃,-4℃,晴,西南风 ,1级,9:44:55,"43
                                       "
2021-11-24 星期三 ,12℃,-2℃,多云~晴,西北风 ,1级,9:43:19,"64
                                       "
2021-11-25 星期四 ,13℃,-2℃,多云~晴,西北风 ,1级,9:41:45,"68
                                       "
2021-11-26 星期五 ,13℃,-3℃,多云~晴,北风 ,2级,9:40:14,"50
                                       "
2021-11-27 星期六 ,10℃,0℃,多云~阴,东北风 ,1级,9:38:46,"81
                                       "
2021-11-28 星期日 ,9℃,2℃,多云~阴,北风 ,1级,9:37:20,"133
                                       "
2021-11-29 星期一 ,7℃,-1℃,小雨~多云,北风 ,2级,9:35:58,"85
                                       "
2021-11-30 星期二 ,5℃,-5℃,多云~晴,西北风 ,4级,9:34:39,"19
                                       "
2021-12-01 星期三 ,9℃,-5℃,多云,西南风 ,2级,9:33:23,"28
                                       "
2021-12-02 星期四 ,13℃,0℃,多云,西北风 ,2级,9:32:11,"37
                                       "
2021-12-03 星期五 ,2℃,-8℃,多云,北风 ,1级,9:31:01,"41
                                       "
2021-12-04 星期六 ,13℃,-2℃,晴,北风 ,1级,9:29:54,"49
                                       "
2021-12-05 星期日 ,10℃,1℃,多云,东风 ,1级,9:28:51,"80
                                       "
2021-12-06 星期一 ,12℃,-3℃,多云,东南风 ,1级,9:27:52,"43
                                       "
2021-12-07 星期二 ,9℃,0℃,多云,东北风 ,2级,9:26:56,"34
                                       "
2021-12-08 星期三 ,6℃,1℃,小雨,东南风 ,2级,9:26:03,"62
                                       "
2021-12-09 星期四 ,3℃,1℃,晴,东风 ,1级,9:25:14,"122
                                       "
2021-12-10 星期五 ,9℃,-1℃,多云,东北风 ,1级,9:24:29,"80
                                       "
2021-12-11 星期六 ,10℃,-2℃,多云,西北风 ,2级,9:23:48,"42
                                       "
2021-12-12 星期日 ,3℃,-6℃,晴,西风 ,1级,9:23:09,"21
                                       "
2021-12-13 星期一 ,4℃,-5℃,晴,东风 ,0级,9:22:36,"44
                                       "
2021-12-14 星期二 ,2℃,-14℃,晴,西北风 ,1级,9:22:05,"66
                                       "
2021-12-15 星期三 ,3℃,-4℃,多云,北风 ,1级,9:21:38,"85
                                       "
2021-12-16 星期四 ,4℃,-7℃,晴,西北风 ,3级,9:21:16,"50
                                       "
2021-12-17 星期五 ,0℃,-8℃,晴,南风 ,2级,9:20:57,"24
                                       "
2021-12-18 星期六 ,3℃,0℃,阴,南风 ,0级,9:20:42,"43
                                       "
2021-12-19 星期日 ,8℃,-5℃,晴,西南风 ,1级,9:20:31,"66
                                       "
2021-12-20 星期一 ,14℃,-2℃,晴,西南风 ,1级,9:20:24,"75
                                       "
2021-12-21 星期二 ,8℃,-2℃,多云,东南风 ,3级,9:20:20,"59
                                       "
2021-12-22 星期三 ,13℃,0℃,晴,东北风 ,2级,9:20:21,"50
                                       "
2021-12-23 星期四 ,-1℃,-5℃,多云,东北风 ,2级,9:20:26,"64
                                       "
2021-12-24 星期五 ,-3℃,-9℃,晴,西南风 ,2级,9:20:35,"23
                                       "
2021-12-25 星期六 ,-4℃,-11℃,晴,西北风 ,2级,9:20:47,"17
                                       "
2021-12-26 星期日 ,-1℃,-8℃,晴,西南风 ,3级,9:21:04,"26
                                       "
2021-12-27 星期一 ,6℃,-8℃,晴,东风 ,1级,9:21:25,"49
                                       "
2021-12-28 星期二 ,6℃,-5℃,多云,西南风 ,1级,9:21:48,"55
                                       "
2021-12-29 星期三 ,5℃,-5℃,晴,西南风 ,2级,9:22:16,"41
                                       "
2021-12-30 星期四 ,5℃,-7℃,晴,西北风 ,3级,9:22:48,"36
                                       "
2021-12-31 星期五 ,4℃,-6℃,晴,东北风 ,2级,9:23:24,"43
                                       "
2022-01-01 星期六 ,6℃,-7℃,晴,东北风 ,1级,9:24:04,"51
                                       "
2022-01-02 星期日 ,2℃,-7℃,多云,南风 ,1级,9:24:47,"27
                                       "
2022-01-03 星期一 ,6℃,-7℃,晴,东北风 ,2级,9:25:34,"49
                                       "
2022-01-04 星期二 ,3℃,-6℃,晴,西南风 ,1级,9:26:25,"52
                                       "
2022-01-05 星期三 ,2℃,-6℃,晴,西风 ,1级,9:27:19,"82
                                       "
2022-01-06 星期四 ,6℃,-7℃,晴,东北风 ,1级,9:28:16,"79
                                       "
2022-01-07 星期五 ,3℃,-10℃,晴,东风 ,1级,9:29:18,"111
                                       "
2022-01-08 星期六 ,8℃,-5℃,多云,东北风 ,1级,9:30:23,"78
                                       "
2022-01-09 星期日 ,0℃,-13℃,阴,西北风 ,1级,9:31:31,"65
                                       "
2022-01-10 星期一 ,14℃,6℃,多云,北风 ,1级,9:32:42,"36
                                       "
2022-01-11 星期二 ,0℃,-7℃,多云,东北风 ,1级,9:33:57,"23
                                       "
2022-01-12 星期三 ,2℃,-7℃,晴,西风 ,2级,9:35:15,"37
                                       "
2022-01-13 星期四 ,3℃,-6℃,晴,南风 ,2级,9:36:36,"22
                                       "
2022-01-14 星期五 ,2℃,-6℃,多云,西南风 ,1级,9:38:00,"90
                                       "
2022-01-15 星期六 ,3℃,-8℃,晴,东北风 ,2级,9:39:27,"73
                                       "
2022-01-16 星期日 ,0℃,-9℃,晴,南风 ,1级,9:40:57,"24
                                       "
2022-01-17 星期一 ,6℃,-8℃,多云,南风 ,2级,9:42:30,"35
                                       "
2022-01-18 星期二 ,3℃,-9℃,多云,西北风 ,2级,9:44:06,"67
                                       "
2022-01-19 星期三 ,-2℃,-7℃,多云,南风 ,2级,9:45:44,"81
                                       "
2022-01-20 星期四 ,-2℃,-5℃,多云,东南风 ,1级,9:47:25,"54
                                       "
2022-01-21 星期五 ,0℃,-4℃,小雪,东南风 ,2级,9:49:08,"78
                                       "
2022-01-22 星期六 ,1℃,-4℃,多云,北风 ,1级,9:50:55,"129
                                       "
2022-01-23 星期日 ,1℃,-4℃,阴,东南风 ,2级,9:52:43,"157
                                       "
2022-01-24 星期一 ,7℃,-5℃,阴,北风 ,1级,9:54:34,"196
                                       "
2022-01-25 星期二 ,5℃,-4℃,晴,北风 ,4级,9:56:27,"100
                                       "
2022-01-26 星期三 ,3℃,-5℃,多云,北风 ,1级,9:58:22,"18
                                       "
2022-01-27 星期四 ,3℃,-5℃,多云,西北风 ,3级,10:00:20,"21
                                       "
2022-01-28 星期五 ,4℃,-2℃,阴,南风 ,1级,10:02:19,"24
                                       "
2022-01-29 星期六 ,-1℃,-9℃,晴,北风 ,1级,10:04:21,"27
                                       "
2022-01-30 星期日 ,3℃,-3℃,霾,西北风 ,2级,10:06:24,"116
                                       "
2022-01-31 星期一 ,3℃,-5℃,晴,西北风 ,4级,10:08:29,"29
                                       "
2022-02-01 星期二 ,2℃,-7℃,晴,西南风 ,2级,10:10:36,"21
                                       "
2022-02-02 星期三 ,4℃,-7℃,晴,西南风 ,2级,10:12:45,"22
                                       "
2022-02-03 星期四 ,3℃,-6℃,多云,西北风 ,3级,10:14:55,"21
                                       "
2022-02-04 星期五 ,0℃,-6℃,晴,西北风 ,1级,10:17:07,"23
                                       "
2022-02-05 星期六 ,3℃,-5℃,晴,西北风 ,2级,10:19:21,"22
                                       "
2022-02-06 星期日 ,6℃,-5℃,多云,西风 ,1级,10:21:36,"22
                                       "
2022-02-07 星期一 ,6℃,-5℃,多云,西北风 ,1级,10:23:53,"22
                                       "
2022-02-08 星期二 ,8℃,-5℃,晴,北风 ,1级,10:26:11,"26
                                       "
2022-02-09 星期三 ,7℃,-5℃,多云,北风 ,2级,10:28:30,"53
                                       "
2022-02-10 星期四 ,10℃,-3℃,阴,西北风 ,1级,10:30:51,"75
                                       "
2022-02-11 星期五 ,8℃,-3℃,多云,东南风 ,2级,10:33:12,"69
                                       "
2022-02-12 星期六 ,1℃,-2℃,多云,东风 ,2级,10:35:35,"56
                                       "
2022-02-13 星期日 ,-3℃,-6℃,中雪,西北风 ,1级,10:37:59,"68
                                       "
2022-02-14 星期一 ,-1℃,-10℃,多云,北风 ,2级,10:40:23,"27
                                       "
2022-02-15 星期二 ,-2℃,-10℃,多云,西北风 ,2级,10:42:48,"22
                                       "
2022-02-16 星期三 ,0℃,-9℃,晴,北风 ,2级,10:45:15,"23
                                       "
2022-02-17 星期四 ,0℃,-7℃,多云,南风 ,1级,10:47:43,"37
                                       "
2022-02-18 星期五 ,4℃,-6℃,多云,西北风 ,3级,10:50:12,"51
                                       "
2022-02-19 星期六 ,1℃,-9℃,晴,西北风 ,3级,10:52:41,"22
                                       "
2022-02-20 星期日 ,4℃,-7℃,晴,西风 ,2级,10:55:11,"21
                                       "
2022-02-21 星期一 ,4℃,-8℃,多云,西北风 ,3级,10:57:42,"22
                                       "
2022-02-22 星期二 ,4℃,-7℃,晴,东北风 ,3级,11:00:13,"22
                                       "
2022-02-23 星期三 ,7℃,-6℃,晴,西风 ,1级,11:02:45,"26
                                       "
2022-02-24 星期四 ,11℃,-5℃,晴,西风 ,1级,11:05:18,"40
                                       "
2022-02-25 星期五 ,14℃,0℃,多云,北风 ,2级,11:07:51,"84
                                       "
2022-02-26 星期六 ,12℃,-2℃,晴,西风 ,2级,11:10:25,"30
                                       "
2022-02-27 星期日 ,16℃,-2℃,晴,东北风 ,1级,11:12:59,"47
                                       "
2022-02-28 星期一 ,12℃,-1℃,阴,西北风 ,3级,11:15:34,"78
                                       "
2022-03-01 星期二 ,11℃,-1℃,晴,西南风 ,2级,11:18:09,"25
                                       "
2022-03-02 星期三 ,16℃,0℃,晴,北风 ,1级,11:20:45,"43
                                       "
2022-03-03 星期四 ,11℃,0℃,多云,西南风 ,1级,11:23:21,"57
                                       "
2022-03-04 星期五 ,11℃,-1℃,扬沙,西北风 ,1级,11:25:57,"72
                                       "
2022-03-05 星期六 ,10℃,-2℃,晴,东南风 ,1级,11:28:34,"32
                                       "
2022-03-06 星期日 ,11℃,-1℃,多云,东北风 ,2级,11:31:11,"48
                                       "
2022-03-07 星期一 ,18℃,2℃,晴,东南风 ,2级,11:33:48,"50
                                       "
2022-03-08 星期二 ,16℃,2℃,晴,北风 ,1级,11:36:26,"78
                                       "
2022-03-09 星期三 ,17℃,4℃,多云,西北风 ,2级,11:39:04,"132
                                       "
2022-03-10 星期四 ,19℃,7℃,晴,北风 ,1级,11:41:41,"203
                                       "
2022-03-11 星期五 ,12℃,5℃,多云,东南风 ,1级,11:44:19,"129
                                       "
2022-03-12 星期六 ,13℃,5℃,多云,南风 ,1级,11:46:57,"63
                                       "
2022-03-13 星期日 ,11℃,4℃,多云,南风 ,2级,11:49:36,"82
                                       "
2022-03-14 星期一 ,20℃,5℃,多云,东南风 ,2级,11:52:14,"49
                                       "
2022-03-15 星期二 ,15℃,6℃,多云,东北风 ,1级,11:54:52,"68
                                       "
2022-03-16 星期三 ,12℃,2℃,多云,南风 ,2级,11:57:32,"82
                                       "
2022-03-17 星期四 ,3℃,-2℃,小雪,东风 ,2级,12:00:10,"40
                                       "
2022-03-18 星期五 ,2℃,-2℃,大雪,北风 ,1级,12:02:49,"60
                                       "
2022-03-19 星期六 ,6℃,-1℃,雨夹雪,南风 ,2级,12:05:27,"38
                                       "
2022-03-20 星期日 ,10℃,1℃,多云,西风 ,2级,12:08:06,"53
                                       "
2022-03-21 星期一 ,12℃,1℃,多云,东北风 ,2级,12:10:45,"22
                                       "
2022-03-22 星期二 ,9℃,1℃,多云,南风 ,1级,12:13:23,"28
                                       "
2022-03-23 星期三 ,12℃,3℃,多云,东北风 ,1级,12:16:02,"74
                                       "
2022-03-24 星期四 ,9℃,7℃,多云,北风 ,1级,12:18:40,"124
                                       "
2022-03-25 星期五 ,14℃,6℃,多云,西北风 ,1级,12:21:18,"114
                                       "
2022-03-26 星期六 ,20℃,3℃,多云,西北风 ,4级,12:23:57,"67
                                       "
2022-03-27 星期日 ,16℃,6℃,晴,东南风 ,1级,12:26:35,"30
                                       "
2022-03-28 星期一 ,18℃,9℃,多云,西风 ,1级,12:29:12,"69
                                       "
2022-03-29 星期二 ,12℃,6℃,小雨,东北风 ,1级,12:31:49,"79
                                       "
2022-03-30 星期三 ,10℃,3℃,多云,东北风 ,2级,12:34:27,"42
                                       "
2022-03-31 星期四 ,15℃,2℃,多云,东风 ,1级,12:37:04,"30
                                       "
2022-04-01 星期五 ,15℃,4℃,多云,东南风 ,2级,12:39:41,"30
                                       "
2022-04-02 星期六 ,19℃,4℃,晴,西南风 ,2级,12:42:17,"36
                                       "
2022-04-03 星期日 ,20℃,9℃,多云,东风 ,3级,12:44:54,"52
                                       "
2022-04-04 星期一 ,22℃,10℃,多云,西南风 ,2级,12:47:29,"92
                                       "
2022-04-05 星期二 ,24℃,7℃,多云,东南风 ,2级,12:50:05,"87
                                       "
2022-04-06 星期三 ,14℃,4℃,晴,南风 ,3级,12:52:40,"59
                                       "
2022-04-07 星期四 ,24℃,9℃,晴,南风 ,1级,12:55:15,"63
                                       "
2022-04-08 星期五 ,25℃,12℃,晴,南风 ,1级,12:57:49,"117
                                       "
2022-04-09 星期六 ,26℃,11℃,多云,东南风 ,1级,13:00:23,"122
                                       "
2022-04-10 星期日 ,26℃,14℃,多云,东北风 ,2级,13:02:56,"125
                                       "
2022-04-11 星期一 ,28℃,14℃,多云,西北风 ,2级,13:05:30,"118
                                       "
2022-04-12 星期二 ,23℃,14℃,阴,西北风 ,1级,13:08:01,"69
                                       "
2022-04-13 星期三 ,16℃,3℃,晴,东北风 ,1级,13:10:34,"56
                                       "
2022-04-14 星期四 ,21℃,8℃,晴,东北风 ,2级,13:13:04,"34
                                       "
2022-04-15 星期五 ,19℃,6℃,晴,西北风 ,2级,13:15:35,"29
                                       "
2022-04-16 星期六 ,23℃,11℃,晴,西风 ,2级,13:18:05,"37
                                       "
2022-04-17 星期日 ,21℃,9℃,多云,北风 ,2级,13:20:34,"69
                                       "
2022-04-18 星期一 ,23℃,10℃,晴,南风 ,2级,13:23:03,"79
                                       "
2022-04-19 星期二 ,24℃,8℃,晴,西风 ,1级,13:25:31,"74
                                       "
2022-04-20 星期三 ,29℃,17℃,多云,南风 ,3级,13:27:57,"70
                                       "
2022-04-21 星期四 ,31℃,16℃,多云,东南风 ,2级,13:30:23,"84
                                       "
2022-04-22 星期五 ,25℃,10℃,多云,北风 ,1级,13:32:49,"38
                                       "
2022-04-23 星期六 ,29℃,15℃,晴,西南风 ,1级,13:35:13,"74
                                       "
2022-04-24 星期日 ,27℃,14℃,多云,东风 ,2级,13:37:36,"94
                                       "
2022-04-25 星期一 ,29℃,18℃,晴,东风 ,2级,13:39:59,"100
                                       "
2022-04-26 星期二 ,15℃,2℃,晴,西北风 ,2级,13:42:21,"73
                                       "
2022-04-27 星期三 ,13℃,8℃,小雨,北风 ,1级,13:44:40,"28
                                       "
2022-04-28 星期四 ,14℃,8℃,晴,南风 ,2级,13:47:00,"25
                                       "
2022-04-29 星期五 ,20℃,11℃,阴,北风 ,1级,13:49:17,"59
                                       "
2022-04-30 星期六 ,22℃,9℃,晴,西北风 ,3级,13:51:35,"26
                                       "
2022-05-01 星期日 ,26℃,11℃,多云,东北风 ,1级,13:53:50,"33
                                       "
2022-05-02 星期一 ,26℃,12℃,多云,南风 ,2级,13:56:04,"47
                                       "
2022-05-03 星期二 ,31℃,16℃,晴,东北风 ,1级,13:58:18,"61
                                       "
2022-05-04 星期三 ,33℃,19℃,多云,南风 ,3级,14:00:30,"75
                                       "
2022-05-05 星期四 ,30℃,15℃,多云,北风 ,1级,14:02:39,"77
                                       "
2022-05-06 星期五 ,21℃,9℃,多云,东南风 ,1级,14:04:48,"52
                                       "
2022-05-07 星期六 ,19℃,9℃,多云,南风 ,1级,14:06:55,"36
                                       "
2022-05-08 星期日 ,13℃,8℃,多云,南风 ,1级,14:09:00,"26
                                       "
2022-05-09 星期一 ,18℃,8℃,晴,南风 ,2级,14:11:04,"32
                                       "
2022-05-10 星期二 ,25℃,13℃,小雨,东南风 ,2级,14:13:06,"70
                                       "
2022-05-11 星期三 ,21℃,12℃,多云,西南风 ,2级,14:15:06,"43
                                       "
2022-05-12 星期四 ,19℃,14℃,阴,东风 ,2级,14:17:05,"30
                                       "
2022-05-13 星期五 ,24℃,8℃,晴,西北风 ,1级,14:19:02,"26
                                       "
2022-05-14 星期六 ,25℃,9℃,晴,东风 ,1级,14:20:57,"27
                                       "
2022-05-15 星期日 ,27℃,11℃,多云,西南风 ,2级,14:22:49,"28
                                       "
2022-05-16 星期一 ,29℃,13℃,多云,南风 ,2级,14:24:40,"32
                                       "
2022-05-17 星期二 ,26℃,14℃,多云,东风 ,1级,14:26:29,"58
                                       "
2022-05-18 星期三 ,29℃,14℃,多云,南风 ,2级,14:28:15,"44
                                       "
2022-05-19 星期四 ,30℃,17℃,多云,西北风 ,1级,14:29:59,"73
                                       "
2022-05-20 星期五 ,25℃,13℃,多云,北风 ,2级,14:31:41,"85
                                       "
2022-05-21 星期六 ,35℃,19℃,多云,西南风 ,2级,14:33:21,"81
                                       "
2022-05-22 星期日 ,23℃,14℃,多云,西风 ,2级,14:34:57,"83
                                       "
2022-05-23 星期一 ,33℃,17℃,晴,西南风 ,1级,14:36:32,"71
                                       "
2022-05-24 星期二 ,35℃,22℃,晴,西北风 ,4级,14:38:04,"66
                                       "
2022-05-25 星期三 ,26℃,19℃,多云,东南风 ,1级,14:39:33,"29
                                       "
2022-05-26 星期四 ,32℃,26℃,晴,西南风 ,1级,14:41:00,"31
                                       "
2022-05-27 星期五 ,36℃,18℃,多云,西南风 ,3级,14:42:24,"43
                                       "
2022-05-28 星期六 ,24℃,15℃,多云,西风 ,2级,14:43:46,"84
                                       "
2022-05-29 星期日 ,26℃,15℃,多云,西北风 ,1级,14:45:04,"45
                                       "
2022-05-30 星期一 ,31℃,16℃,晴,西北风 ,2级,14:46:20,"31
                                       "
2022-05-31 星期二 ,32℃,17℃,晴,东北风 ,1级,14:47:33,"51
                                       "
2022-06-01 星期三 ,21℃,11℃,多云,西南风 ,2级,14:48:43,"44
                                       "
2022-06-02 星期四 ,35℃,20℃,多云,南风 ,2级,14:49:49,"78
                                       "
2022-06-03 星期五 ,35℃,20℃,小雨,西风 ,1级,14:50:53,"89
                                       "
2022-06-04 星期六 ,31℃,20℃,晴,西风 ,3级,14:51:53,"49
                                       "
2022-06-05 星期日 ,33℃,20℃,多云,西北风 ,3级,14:52:50,"37
                                       "
2022-06-06 星期一 ,28℃,16℃,晴,东风 ,2级,14:53:44,"25
                                       "
2022-06-07 星期二 ,27℃,17℃,多云,南风 ,1级,14:54:34,"31
                                       "
2022-06-08 星期三 ,26℃,15℃,多云,东南风 ,2级,14:55:23,"48
                                       "
2022-06-09 星期四 ,25℃,18℃,多云,东南风 ,1级,14:56:06,"47
                                       "
2022-06-10 星期五 ,27℃,18℃,阴,东风 ,2级,14:56:46,"60
                                       "
2022-06-11 星期六 ,27℃,19℃,阴,东南风 ,2级,14:57:24,"51
                                       "
2022-06-12 星期日 ,26℃,19℃,多云,东风 ,1级,14:57:58,"38
                                       "
2022-06-13 星期一 ,27℃,18℃,多云,东北风 ,1级,14:58:28,"30
                                       "
2022-06-14 星期二 ,10℃,4℃,阴,东北风 ,4级,14:58:55,"36
                                       "
2022-06-15 星期三 ,27℃,18℃,多云,东南风 ,2级,14:59:19,"43
                                       "
2022-06-16 星期四 ,29℃,20℃,多云,东南风 ,1级,14:59:38,"66
                                       "
2022-06-17 星期五 ,9℃,3℃,阴,北风 ,4级,14:59:54,"78
                                       "
2022-06-18 星期六 ,28℃,9℃,晴,南风 ,2级,15:00:07,"84
                                       "
2022-06-19 星期日 ,22℃,12℃,小雨到中雨,东风 ,1级,15:00:16,"75
                                       "
2022-06-20 星期一 ,35℃,24℃,多云,北风 ,2级,15:00:22,"85
                                       "
2022-06-21 星期二 ,35℃,24℃,多云,东北风 ,2级,15:00:23,"100
                                       "
2022-06-22 星期三 ,28℃,18℃,多云,东北风 ,4级,15:00:22,"74
                                       "
2022-06-23 星期四 ,36℃,23℃,晴,西北风 ,2级,15:00:17,"41
                                       "
2022-06-24 星期五 ,35℃,22℃,晴,东南风 ,2级,15:00:08,"27
                                       "
2022-06-25 星期六 ,22℃,11℃,晴,西北风 ,2级,14:59:56,"89
                                       "
2022-06-26 星期日 ,33℃,22℃,小雨,东风 ,2级,14:59:40,"58
                                       "
2022-06-27 星期一 ,31℃,21℃,多云,东北风 ,2级,14:59:20,"43
                                       "
2022-06-28 星期二 ,30℃,17℃,多云,东北风 ,1级,14:58:57,"27
                                       "
2022-06-29 星期三 ,22℃,10℃,多云,东风 ,2级,14:58:30,"22
                                       "
2022-06-30 星期四 ,30℃,22℃,多云,东南风 ,1级,14:58:00,"30
                                       "
2022-07-01 星期五 ,30℃,22℃,多云,东风 ,2级,14:57:27,"35
                                       "
2022-07-02 星期六 ,31℃,23℃,多云,东风 ,1级,14:56:50,"57
                                       "
2022-07-03 星期日 ,25℃,22℃,大雨,南风 ,2级,14:56:10,"41
                                       "
2022-07-04 星期一 ,29℃,23℃,多云,东南风 ,2级,14:55:26,"32
                                       "
2022-07-05 星期二 ,32℃,23℃,小雨,西北风 ,2级,14:54:39,"56
                                       "
2022-07-06 星期三 ,30℃,22℃,多云,西北风 ,3级,14:53:49,"24
                                       "
2022-07-07 星期四 ,36℃,24℃,晴,南风 ,2级,14:52:55,"36
                                       "
2022-07-08 星期五 ,34℃,24℃,多云,北风 ,1级,14:51:58,"45
                                       "
2022-07-09 星期六 ,35℃,22℃,多云,西南风 ,1级,14:50:59,"32
                                       "
2022-07-10 星期日 ,27℃,20℃,小雨,东北风 ,3级,14:49:56,"27
                                       "
2022-07-11 星期一 ,27℃,23℃,多云,南风 ,1级,14:48:50,"37
                                       "
2022-07-12 星期二 ,25℃,22℃,中雨,北风 ,4级,14:47:41,"34
                                       "
2022-07-13 星期三 ,33℃,23℃,晴,南风 ,2级,14:46:29,"32
                                       "
2022-07-14 星期四 ,35℃,21℃,晴,南风 ,2级,14:45:14,"35
                                       "
2022-07-15 星期五 ,36℃,24℃,多云,西北风 ,1级,14:43:56,"37
                                       "
2022-07-16 星期六 ,33℃,23℃,多云,南风 ,2级,14:42:36,"65
                                       "
2022-07-17 星期日 ,36℃,23℃,多云,西北风 ,2级,14:41:13,"45
                                       "
2022-07-18 星期一 ,35℃,22℃,晴,南风 ,2级,14:39:48,"34
                                       "
2022-07-19 星期二 ,32℃,24℃,多云,南风 ,2级,14:38:19,"50
                                       "
2022-07-20 星期三 ,32℃,22℃,多云,东风 ,2级,14:36:48,"59
                                       "
2022-07-21 星期四 ,33℃,24℃,多云,东南风 ,2级,14:35:14,"61
                                       "
2022-07-22 星期五 ,31℃,23℃,多云,南风 ,1级,14:33:39,"56
                                       "
2022-07-23 星期六 ,33℃,23℃,多云,南风 ,3级,14:32:00,"31
                                       "
2022-07-24 星期日 ,33℃,25℃,多云,西南风 ,2级,14:30:20,"61
                                       "
2022-07-25 星期一 ,32℃,24℃,多云,南风 ,2级,14:28:37,"46
                                       "
2022-07-26 星期二 ,33℃,23℃,阴,东风 ,3级,14:26:52,"52
                                       "
2022-07-27 星期三 ,26℃,21℃,暴雨,西北风 ,2级,14:25:05,"35
                                       "
2022-07-28 星期四 ,29℃,21℃,多云,北风 ,5级,14:23:15,"24
                                       "
2022-07-29 星期五 ,31℃,23℃,多云,东北风 ,4级,14:21:24,"34
                                       "
2022-07-30 星期六 ,31℃,24℃,多云,东南风 ,2级,14:19:31,"57
                                       "
2022-07-31 星期日 ,33℃,25℃,多云,南风 ,2级,14:17:36,"46
                                       "
2022-08-01 星期一 ,34℃,25℃,多云,南风 ,1级,14:15:39,"63
                                       "
2022-08-02 星期二 ,34℃,26℃,多云,东北风 ,2级,14:13:41,"61
                                       "
2022-08-03 星期三 ,35℃,26℃,多云,东北风 ,2级,14:11:40,"63
                                       "
2022-08-04 星期四 ,35℃,26℃,多云,东南风 ,1级,14:09:38,"55
                                       "
2022-08-05 星期五 ,36℃,27℃,晴,西南风 ,2级,14:07:34,"42
                                       "
2022-08-06 星期六 ,33℃,25℃,雾,北风 ,1级,14:05:29,"38
                                       "
2022-08-07 星期日 ,32℃,25℃,雾,西北风 ,4级,14:03:23,"43
                                       "
2022-08-08 星期一 ,27℃,22℃,多云,南风 ,1级,14:01:14,"20
                                       "
2022-08-09 星期二 ,24℃,20℃,小雨,南风 ,2级,13:59:04,"21
                                       "
2022-08-10 星期三 ,30℃,20℃,晴,西南风 ,3级,13:56:54,"33
                                       "
2022-08-11 星期四 ,31℃,24℃,雾,南风 ,2级,13:54:41,"45
                                       "
2022-08-12 星期五 ,31℃,25℃,多云,东南风 ,2级,13:52:27,"58
                                       "
2022-08-13 星期六 ,32℃,24℃,多云,东南风 ,1级,13:50:13,"66
                                       "
2022-08-14 星期日 ,24℃,23℃,中雨,北风 ,1级,13:47:57,"41
                                       "
2022-08-15 星期一 ,35℃,21℃,雾,东北风 ,3级,13:45:39,"24
                                       "
2022-08-16 星期二 ,31℃,22℃,多云,南风 ,1级,13:43:21,"26
                                       "
2022-08-17 星期三 ,30℃,24℃,多云,东北风 ,3级,13:41:03,"49
                                       "
2022-08-18 星期四 ,25℃,24℃,中雨,西北风 ,1级,13:38:43,"44
                                       "
2022-08-19 星期五 ,31℃,21℃,多云,东北风 ,2级,13:36:22,"26
                                       "
2022-08-20 星期六 ,30℃,23℃,多云,南风 ,2级,13:34:00,"29
                                       "
2022-08-21 星期日 ,31℃,24℃,多云,东南风 ,2级,13:31:37,"51
                                       "
2022-08-22 星期一 ,33℃,19℃,雾,北风 ,1级,13:29:13,"29
                                       "
2022-08-23 星期二 ,28℃,21℃,多云,西南风 ,2级,13:26:48,"14
                                       "
2022-08-24 星期三 ,27℃,19℃,多云,北风 ,1级,13:24:23,"26
                                       "
2022-08-25 星期四 ,32℃,19℃,晴,西南风 ,1级,13:21:57,"29
                                       "
2022-08-26 星期五 ,27℃,14℃,多云,东南风 ,1级,13:19:30,"22
                                       "
2022-08-27 星期六 ,27℃,18℃,多云,西南风 ,1级,13:17:03,"21
                                       "
2022-08-28 星期日 ,23℃,16℃,多云,西南风 ,2级,13:14:34,"38
                                       "
2022-08-29 星期一 ,22℃,18℃,多云,东南风 ,1级,13:12:06,"31
                                       "
2022-08-30 星期二 ,27℃,18℃,多云,西北风 ,1级,13:09:37,"43
                                       "
2022-08-31 星期三 ,31℃,18℃,晴,西风 ,2级,13:07:07,"20
                                       "
2022-09-01 星期四 ,28℃,15℃,晴,南风 ,2级,13:04:36,"30
                                       "
2022-09-02 星期五 ,28℃,18℃,晴,东北风 ,1级,13:02:06,"47
                                       "
2022-09-03 星期六 ,27℃,19℃,多云,南风 ,1级,12:59:35,"54
                                       "
2022-09-04 星期日 ,28℃,20℃,多云,西北风 ,2级,12:57:02,"53
                                       "
2022-09-05 星期一 ,28℃,14℃,晴,西北风 ,3级,12:54:30,"21
                                       "
2022-09-06 星期二 ,29℃,15℃,晴,西北风 ,1级,12:51:58,"26
                                       "
2022-09-07 星期三 ,32℃,17℃,晴,东南风 ,2级,12:49:25,"31
                                       "
2022-09-08 星期四 ,32℃,19℃,晴,北风 ,1级,12:46:51,"54
                                       "
2022-09-09 星期五 ,31℃,20℃,多云,北风 ,1级,12:44:18,"76
                                       "
2022-09-10 星期六 ,31℃,19℃,多云,东北风 ,2级,12:41:44,"84
                                       "
2022-09-11 星期日 ,28℃,20℃,多云,东南风 ,1级,12:39:10,"49
                                       "
2022-09-12 星期一 ,30℃,20℃,多云,东风 ,1级,12:36:35,"74
                                       "
2022-09-13 星期二 ,30℃,20℃,多云,东风 ,4级,12:34:01,"79
                                       "
2022-09-14 星期三 ,30℃,20℃,多云,东风 ,2级,12:31:25,"58
                                       "
2022-09-15 星期四 ,30℃,19℃,多云,北风 ,2级,12:28:50,"49
                                       "
2022-09-16 星期五 ,30℃,20℃,多云,东南风 ,1级,12:26:15,"54
                                       "
2022-09-17 星期六 ,30℃,20℃,多云,南风 ,2级,12:23:39,"72
                                       "
2022-09-18 星期日 ,29℃,17℃,晴,北风 ,1级,12:21:03,"32
                                       "
2022-09-19 星期一 ,26℃,13℃,多云,北风 ,2级,12:18:28,"26
                                       "
2022-09-20 星期二 ,26℃,14℃,晴,西南风 ,1级,12:15:51,"26
                                       "
2022-09-21 星期三 ,26℃,16℃,多云,东风 ,3级,12:13:15,"49
                                       "
2022-09-22 星期四 ,27℃,13℃,多云,西北风 ,4级,12:10:40,"46
                                       "
2022-09-23 星期五 ,25℃,10℃,晴,西风 ,2级,12:08:04,"23
                                       "
2022-09-24 星期六 ,26℃,11℃,多云,西南风 ,3级,12:05:27,"41
                                       "
2022-09-25 星期日 ,26℃,13℃,多云,南风 ,1级,12:02:51,"76
                                       "
2022-09-26 星期一 ,28℃,15℃,多云,南风 ,1级,12:00:15,"91
                                       "
2022-09-27 星期二 ,29℃,16℃,多云,南风 ,2级,11:57:38,"97
                                       "
2022-09-28 星期三 ,28℃,16℃,多云,北风 ,1级,11:55:02,"92
                                       "
2022-09-29 星期四 ,29℃,18℃,多云,南风 ,2级,11:52:26,"98
                                       "
2022-09-30 星期五 ,29℃,19℃,多云,南风 ,1级,11:49:50,"116
                                       "
2022-10-01 星期六 ,24℃,19℃,多云,西南风 ,1级,11:47:14,"93
                                       "
2022-10-02 星期日 ,19℃,17℃,小雨,西风 ,1级,11:44:38,"27
                                       "
2022-10-03 星期一 ,20℃,8℃,小雨,东北风 ,3级,11:42:02,"16
                                       "
2022-10-04 星期二 ,16℃,4℃,晴,西南风 ,1级,11:39:27,"18
                                       "
2022-10-05 星期三 ,15℃,6℃,多云,西风 ,2级,11:36:51,"24
                                       "
2022-10-06 星期四 ,18℃,4℃,多云,西南风 ,2级,11:34:17,"43
                                       "
2022-10-07 星期五 ,19℃,9℃,多云,南风 ,2级,11:31:42,"72
                                       "
2022-10-08 星期六 ,12℃,9℃,多云,西北风 ,2级,11:29:06,"88
                                       "
2022-10-09 星期日 ,15℃,6℃,晴,北风 ,3级,11:26:32,"19
                                       "
2022-10-10 星期一 ,18℃,3℃,晴,西北风 ,1级,11:23:58,"21
                                       "
2022-10-11 星期二 ,20℃,5℃,晴,西南风 ,3级,11:21:24,"32
                                       "
2022-10-12 星期三 ,20℃,8℃,多云,南风 ,1级,11:18:50,"72
                                       "
2022-10-13 星期四 ,19℃,12℃,多云,南风 ,1级,11:16:17,"114
                                       "
2022-10-14 星期五 ,22℃,10℃,多云,西风 ,1级,11:13:45,"140
                                       "
2022-10-15 星期六 ,24℃,11℃,多云,北风 ,1级,11:11:13,"142
                                       "
2022-10-16 星期日 ,19℃,5℃,晴,北风 ,1级,11:08:41,"24
                                       "
2022-10-17 星期一 ,17℃,2℃,晴,西北风 ,2级,11:06:10,"16
                                       "
2022-10-18 星期二 ,19℃,2℃,晴,西南风 ,1级,11:03:39,"29
                                       "
2022-10-19 星期三 ,21℃,7℃,晴,东风 ,3级,11:01:09,"61
                                       "
2022-10-20 星期四 ,18℃,7℃,多云,西北风 ,3级,10:58:39,"104
                                       "
2022-10-21 星期五 ,22℃,10℃,多云,北风 ,1级,10:56:10,"127
                                       "
2022-10-22 星期六 ,21℃,5℃,晴,南风 ,1级,10:53:41,"42
                                       "
2022-10-23 星期日 ,22℃,4℃,晴,西北风 ,1级,10:51:14,"25
                                       "
2022-10-24 星期一 ,20℃,6℃,晴,东风 ,1级,10:48:47,"55
                                       "
2022-10-25 星期二 ,19℃,10℃,多云,西南风 ,1级,10:46:21,"116
                                       "
2022-10-26 星期三 ,18℃,10℃,多云,东北风 ,3级,10:43:56,"139
                                       "
2022-10-27 星期四 ,12℃,9℃,多云,南风 ,0级,10:41:32,"22
                                       "
2022-10-28 星期五 ,13℃,9℃,多云,东南风 ,2级,10:39:08,"55
                                       "
2022-10-29 星期六 ,14℃,8℃,多云,南风 ,1级,10:36:45,"65
                                       "
2022-10-30 星期日 ,15℃,8℃,多云,东南风 ,1级,10:34:24,"94
                                       "
2022-10-31 星期一 ,17℃,2℃,晴,西北风 ,2级,10:32:04,"42
                                       "
2022-11-01 星期二 ,15℃,4℃,晴,东南风 ,1级,10:29:44,"26
                                       "
2022-11-02 星期三 ,16℃,3℃,多云,东风 ,2级,10:27:26,"58
                                       "
2022-11-03 星期四 ,13℃,0℃,多云,东北风 ,1级,10:25:09,"45
                                       "
2022-11-04 星期五 ,14℃,-1℃,晴,西风 ,2级,10:22:53,"28
                                       "
2022-11-05 星期六 ,16℃,4℃,晴,西南风 ,2级,10:20:40,"50
                                       "
2022-11-06 星期日 ,12℃,4℃,多云,南风 ,1级,10:18:26,"106
                                       "
2022-11-07 星期一 ,16℃,1℃,晴,西风 ,1级,10:16:15,"52
                                       "
2022-11-08 星期二 ,16℃,3℃,多云,南风 ,2级,10:14:05,"58
                                       "
2022-11-09 星期三 ,13℃,5℃,多云,东北风 ,1级,10:11:56,"101
                                       "
2022-11-10 星期四 ,16℃,8℃,多云,西风 ,1级,10:09:49,"115
                                       "
2022-11-11 星期五 ,12℃,10℃,小雨,东风 ,1级,10:07:44,"135
                                       "
2022-11-12 星期六 ,11℃,0℃,多云,北风 ,3级,10:05:41,"16
                                       "
2022-11-13 星期日 ,9℃,-1℃,晴,西南风 ,2级,10:03:39,"18
                                       "
2022-11-14 星期一 ,12℃,0℃,晴,西北风 ,1级,10:01:39,"50
                                       "
2022-11-15 星期二 ,17℃,0℃,雾,北风 ,2级,9:59:42,"38
                                       "
2022-11-16 星期三 ,15℃,0℃,多云,东风 ,1级,9:57:46,"39
                                       "
2022-11-17 星期四 ,15℃,4℃,多云,北风 ,1级,9:55:52,"83
                                       "
2022-11-18 星期五 ,11℃,4℃,多云,南风 ,5级,9:54:01,"111
                                       "
2022-11-19 星期六 ,14℃,5℃,多云,西风 ,2级,9:52:12,"128
                                       "
2022-11-20 星期日 ,9℃,4℃,多云,东北风 ,2级,9:50:25,"151
                                       "
2022-11-21 星期一 ,13℃,2℃,多云,东风 ,2级,9:48:40,"58
                                       "
2022-11-22 星期二 ,11℃,0℃,多云,西南风 ,1级,9:46:58,"61
                                       "
2022-11-23 星期三 ,13℃,2℃,多云,东风 ,1级,9:45:19,"95
                                       "
2022-11-24 星期四 ,8℃,4℃,多云,东北风 ,1级,9:43:41,"155
                                       "
2022-11-25 星期五 ,13℃,-2℃,雾,西北风 ,2级,9:42:08,"89
                                       "
2022-11-26 星期六 ,4℃,-2℃,多云,东南风 ,3级,9:40:36,"23
                                       "
2022-11-27 星期日 ,7℃,1℃,多云,西南风 ,1级,9:39:08,"39
                                       "
2022-11-28 星期一 ,13℃,-5℃,多云,北风 ,3级,9:37:42,"75
                                       "
2022-11-29 星期二 ,-5℃,-9℃,多云,西北风 ,4级,9:36:19,"42
                                       "
2022-11-30 星期三 ,-1℃,-9℃,晴,西风 ,4级,9:34:58,"31
                                       "
2022-12-01 星期四 ,0℃,-8℃,晴,西南风 ,1级,9:33:42,"32
                                       "
2022-12-02 星期五 ,0℃,-6℃,多云,南风 ,2级,9:32:28,"59
                                       "
2022-12-03 星期六 ,2℃,-9℃,多云,西北风 ,1级,9:31:18,"29
                                       "
2022-12-04 星期日 ,2℃,-8℃,晴,东北风 ,1级,9:30:10,"30
                                       "
2022-12-05 星期一 ,5℃,-8℃,多云,西北风 ,2级,9:29:07,"44
                                       "
2022-12-06 星期二 ,6℃,-6℃,晴,西南风 ,1级,9:28:07,"51
                                       "
2022-12-07 星期三 ,8℃,-5℃,多云,西风 ,1级,9:27:10,"42
                                       "
2022-12-08 星期四 ,9℃,-5℃,多云,西北风 ,1级,9:26:16,"44
                                       "
2022-12-09 星期五 ,7℃,-3℃,多云,西北风 ,2级,9:25:26,"65
                                       "
2022-12-10 星期六 ,3℃,-5℃,晴,北风 ,1级,9:24:40,"25
                                       "
2022-12-11 星期日 ,4℃,-4℃,多云,南风 ,2级,9:23:58,"25
                                       "
2022-12-12 星期一 ,3℃,-6℃,多云,东北风 ,1级,9:23:19,"363
                                       "
2022-12-13 星期二 ,-3℃,-10℃,多云,西风 ,1级,9:22:44,"92
                                       "
2022-12-14 星期三 ,0℃,-7℃,多云,北风 ,1级,9:22:12,"55
                                       "
2022-12-15 星期四 ,-1℃,-9℃,多云,北风 ,2级,9:21:44,"37
                                       "
2022-12-16 星期五 ,-1℃,-12℃,多云,西北风 ,4级,9:21:20,"24
                                       "
2022-12-17 星期六 ,-2℃,-11℃,多云,东北风 ,1级,9:21:01,"30
                                       "
2022-12-18 星期日 ,0℃,-10℃,多云,东北风 ,2级,9:20:45,"38
                                       "
2022-12-19 星期一 ,2℃,-9℃,晴,东风 ,1级,9:20:33,"48
                                       "
2022-12-20 星期二 ,2℃,-7℃,多云,西南风 ,4级,9:20:25,"58
                                       "
2022-12-21 星期三 ,0℃,-7℃,多云,西南风 ,4级,9:20:21,"29
                                       "
2022-12-22 星期四 ,-1℃,-8℃,多云,北风 ,2级,9:20:21,"18
                                       "
2022-12-23 星期五 ,0℃,-7℃,晴,东北风 ,3级,9:20:25,"18
                                       "
2022-12-24 星期六 ,4℃,-7℃,晴,南风 ,3级,9:20:32,"27
                                       "
2022-12-25 星期日 ,1℃,-7℃,多云,西北风 ,1级,9:20:44,"40
                                       "
2022-12-26 星期一 ,3℃,-7℃,晴,西风 ,1级,9:20:59,"47
                                       "
2022-12-27 星期二 ,1℃,-8℃,晴,西风 ,2级,9:21:19,"27
                                       "
2022-12-28 星期三 ,3℃,-8℃,晴,西南风 ,5级,9:21:43,"35
                                       "
2022-12-29 星期四 ,3℃,-9℃,晴,东北风 ,1级,9:22:10,"22
                                       "
2022-12-30 星期五 ,4℃,-8℃,晴,东风 ,1级,9:22:40,"38
                                       "
2022-12-31 星期六 ,6℃,-7℃,晴,东风 ,1级,9:23:15,"46
                                       "
2023-01-01 星期日 ,4℃,-7℃,多云,西北风 ,1级,9:23:54,"38
                                       "
2023-01-02 星期一 ,3℃,-8℃,多云,东风 ,1级,9:24:37,"22
                                       "
2023-01-03 星期二 ,3℃,-8℃,多云,东北风 ,1级,9:25:23,"36
                                       "
2023-01-04 星期三 ,5℃,-8℃,晴,东北风 ,1级,9:26:12,"63
                                       "
2023-01-05 星期四 ,4℃,-6℃,多云,西南风 ,1级,9:27:06,"106
                                       "
2023-01-06 星期五 ,9℃,-7℃,多云,东北风 ,1级,9:28:03,"103
                                       "
2023-01-07 星期六 ,7℃,-6℃,多云,南风 ,1级,9:29:03,"66
                                       "
2023-01-08 星期日 ,12℃,-5℃,晴,西南风 ,3级,9:30:07,"59
                                       "
2023-01-09 星期一 ,8℃,-6℃,多云,西风 ,5级,9:31:15,"34
                                       "
2023-01-10 星期二 ,7℃,-6℃,晴,东南风 ,4级,9:32:25,"60
                                       "
2023-01-11 星期三 ,2℃,-4℃,多云,北风 ,1级,9:33:39,"82
                                       "
2023-01-12 星期四 ,3℃,0℃,多云,北风 ,1级,9:34:56,"115
                                       "
2023-01-13 星期五 ,7℃,-4℃,多云,东北风 ,2级,9:36:16,"100
                                       "
2023-01-14 星期六 ,-2℃,-10℃,阴,西北风 ,4级,9:37:40,"21
                                       "
2023-01-15 星期日 ,0℃,-10℃,晴,西风 ,2级,9:39:05,"23
                                       "
2023-01-16 星期一 ,1℃,-8℃,晴,东北风 ,3级,9:40:35,"43
                                       "
2023-01-17 星期二 ,3℃,-9℃,晴,西北风 ,2级,9:42:07,"80
                                       "
2023-01-18 星期三 ,3℃,-6℃,晴,北风 ,1级,9:43:42,"70
                                       "
2023-01-19 星期四 ,4℃,-9℃,晴,西北风 ,1级,9:45:20,"71
                                       "
2023-01-20 星期五 ,-1℃,-9℃,晴,南风 ,1级,9:47:00,"40
                                       "
2023-01-21 星期六 ,1℃,-9℃,晴,北风 ,1级,9:48:43,"58
                                       "
2023-01-22 星期日 ,4℃,-8℃,多云,西北风 ,2级,9:50:29,"93
                                       "
2023-01-23 星期一 ,-3℃,-14℃,多云,西北风 ,3级,9:52:16,"59
                                       "
2023-01-24 星期二 ,-6℃,-13℃,晴,西南风 ,1级,9:54:07,"36
                                       "
2023-01-25 星期三 ,-4℃,-10℃,多云,东北风 ,2级,9:55:59,"44
                                       "
2023-01-26 星期四 ,1℃,-9℃,多云,西北风 ,2级,9:57:54,"46
                                       "
2023-01-27 星期五 ,2℃,-9℃,晴,西风 ,3级,9:59:51,"24
                                       "
2023-01-28 星期六 ,6℃,-5℃,晴,西南风 ,1级,10:01:50,"62
                                       "
2023-01-29 星期日 ,10℃,-6℃,晴,北风 ,1级,10:03:51,"64
                                       "
2023-01-30 星期一 ,8℃,-5℃,晴,东风 ,2级,10:05:54,"63
                                       "
2023-01-31 星期二 ,14℃,-3℃,晴,北风 ,3级,10:07:59,"70
                                       "
2023-02-01 星期三 ,4℃,-8℃,多云,东北风 ,2级,10:10:06,"30
                                       "
2023-02-02 星期四 ,2℃,-7℃,多云,东北风 ,1级,10:12:14,"22
                                       "
2023-02-03 星期五 ,5℃,-5℃,多云,东风 ,1级,10:14:24,"42
                                       "
2023-02-04 星期六 ,9℃,-6℃,晴,南风 ,2级,10:16:36,"48
                                       "
2023-02-05 星期日 ,6℃,-4℃,多云,东北风 ,1级,10:18:49,"100
                                       "
2023-02-06 星期一 ,8℃,-5℃,多云,东南风 ,2级,10:21:04,"129
                                       "
2023-02-07 星期二 ,6℃,-5℃,晴,东北风 ,1级,10:23:19,"67
                                       "
2023-02-08 星期三 ,7℃,-2℃,多云,南风 ,2级,10:25:37,"34
                                       "
2023-02-09 星期四 ,1℃,-5℃,多云,北风 ,2级,10:27:56,"68
                                       "
2023-02-10 星期五 ,3℃,-3℃,多云,北风 ,2级,10:30:16,"113
                                       "
2023-02-11 星期六 ,3℃,0℃,多云,东北风 ,2级,10:32:37,"185
                                       "
2023-02-12 星期日 ,2℃,-4℃,大雪,北风 ,1级,10:34:59,"108
                                       "
2023-02-13 星期一 ,6℃,-2℃,多云,西风 ,3级,10:37:23,"23
                                       "
2023-02-14 星期二 ,4℃,-5℃,多云,南风 ,1级,10:39:48,"20
                                       "
2023-02-15 星期三 ,4℃,-6℃,多云,西南风 ,2级,10:42:13,"52
                                       "
2023-02-16 星期四 ,6℃,-4℃,多云,西南风 ,1级,10:44:39,"92
                                       "
2023-02-17 星期五 ,5℃,-1℃,多云,东北风 ,1级,10:47:07,"174
                                       "
2023-02-18 星期六 ,4℃,-5℃,多云,西北风 ,3级,10:49:36,"164
                                       "
2023-02-19 星期日 ,11℃,-3℃,晴,北风 ,2级,10:52:04,"29
                                       "
2023-02-20 星期一 ,6℃,-5℃,晴,西北风 ,2级,10:54:34,"23
                                       "
2023-02-21 星期二 ,5℃,-3℃,多云,北风 ,1级,10:57:05,"36
                                       "
2023-02-22 星期三 ,9℃,-2℃,多云,东北风 ,2级,10:59:36,"78
                                       "
2023-02-23 星期四 ,10℃,0℃,多云,北风 ,2级,11:02:09,"121
                                       "
2023-02-24 星期五 ,7℃,-5℃,多云,北风 ,2级,11:04:40,"43
                                       "
2023-02-25 星期六 ,10℃,-4℃,晴,西南风 ,2级,11:07:14,"24
                                       "
2023-02-26 星期日 ,11℃,-1℃,晴,南风 ,1级,11:09:47,"88
                                       "
2023-02-27 星期一 ,12℃,1℃,多云,北风 ,1级,11:12:22,"173
                                       "
2023-02-28 星期二 ,14℃,-1℃,多云,北风 ,2级,11:14:57,"88
                                       "
2023-03-01 星期三 ,10℃,-3℃,晴,东北风 ,2级,11:17:31,"21
                                       "
2023-03-02 星期四 ,14℃,0℃,晴,西北风 ,2级,11:20:07,"21
                                       "
2023-03-03 星期五 ,20℃,0℃,晴,东北风 ,1级,11:22:43,"51
                                       "
2023-03-04 星期六 ,16℃,0℃,多云~晴,北风 ,1级,11:25:19,"65
                                       "
2023-03-05 星期日 ,11℃,2℃,多云~晴,北风 ,1级,11:27:55,"139
                                       "
2023-03-06 星期一 ,23℃,3℃,多云~晴,西南风 ,1级,11:30:32,"212
                                       "
2023-03-07 星期二 ,21℃,7℃,多云,东北风 ,1级,11:33:10,"170
                                       "
2023-03-08 星期三 ,19℃,2℃,多云~晴,东南风 ,2级,11:35:47,"190
                                       "
2023-03-09 星期四 ,19℃,6℃,多云~晴,东北风 ,1级,11:38:25,"109
                                       "
2023-03-10 星期五 ,27℃,8℃,多云,北风 ,3级,11:41:03,"77
                                       "
2023-03-11 星期六 ,14℃,1℃,多云~小雨,北风 ,4级,11:43:40,"243
                                       "
2023-03-12 星期日 ,11℃,-1℃,多云,东南风 ,2级,11:46:19,"124
                                       "
2023-03-13 星期一 ,15℃,3℃,多云,东北风 ,1级,11:48:58,"53
                                       "
2023-03-14 星期二 ,21℃,1℃,扬沙~晴,北风 ,3级,11:51:36,"73
                                       "
2023-03-15 星期三 ,11℃,-1℃,多云~晴,东北风 ,1级,11:54:14,"126
                                       "
2023-03-16 星期四 ,11℃,1℃,多云,北风 ,1级,11:56:53,"96
                                       "
2023-03-17 星期五 ,10℃,1℃,多云,北风 ,1级,11:59:32,"49
                                       "
2023-03-18 星期六 ,17℃,1℃,多云~晴,西南风 ,2级,12:02:10,"78
                                       "
2023-03-19 星期日 ,14℃,5℃,多云,北风 ,1级,12:04:49,"44
                                       "
2023-03-20 星期一 ,16℃,7℃,多云,东北风 ,1级,12:07:28,"80
                                       "
2023-03-21 星期二 ,18℃,10℃,多云,东南风 ,1级,12:10:06,"148
                                       "
2023-03-22 星期三 ,15℃,4℃,多云,北风 ,2级,12:12:45,"161
                                       "
2023-03-23 星期四 ,12℃,4℃,多云,西北风 ,2级,12:15:23,"336
                                       "
2023-03-24 星期五 ,13℃,3℃,多云~阴,西北风 ,1级,12:18:02,"102
                                       "
2023-03-25 星期六 ,15℃,-1℃,多云~晴,西南风 ,1级,12:20:40,"60
                                       "
2023-03-26 星期日 ,16℃,3℃,多云~晴,西南风 ,3级,12:23:18,"58
                                       "
2023-03-27 星期一 ,20℃,5℃,多云~晴,北风 ,3级,12:25:56,"51
                                       "
2023-03-28 星期二 ,21℃,7℃,多云,北风 ,4级,12:28:34,"52
                                       "
2023-03-29 星期三 ,25℃,10℃,多云~晴,西风 ,4级,12:31:11,"92
                                       "
2023-03-30 星期四 ,25℃,11℃,多云~晴,西风 ,1级,12:33:49,"119
                                       "
2023-03-31 星期五 ,23℃,10℃,多云,东南风 ,2级,12:36:26,"108
                                       "
2023-04-01 星期六 ,22℃,12℃,多云,西南风 ,3级,12:39:03,"84
                                       "
2023-04-02 星期日 ,20℃,13℃,多云~阴,西南风 ,2级,12:41:40,"78
                                       "
2023-04-03 星期一 ,18℃,9℃,多云~小雨,东风 ,3级,12:44:15,"100
                                       "
2023-04-04 星期二 ,12℃,6℃,小雨,东北风 ,3级,12:46:52,"70
                                       "
2023-04-05 星期三 ,17℃,9℃,多云~小雨,北风 ,1级,12:49:27,"40
                                       "
2023-04-06 星期四 ,18℃,5℃,多云~晴,西北风 ,3级,12:52:03,"35
                                       "
2023-04-07 星期五 ,16℃,4℃,晴,西北风 ,4级,12:54:37,"42
                                       "
2023-04-08 星期六 ,22℃,8℃,晴~多云,西南风 ,3级,12:57:12,"32
                                       "
2023-04-09 星期日 ,22℃,10℃,多云,南风 ,2级,12:59:46,"50
                                       "
2023-04-10 星期一 ,28℃,11℃,多云,西南风 ,2级,13:02:20,"86
                                       "
2023-04-11 星期二 ,18℃,5℃,多云~晴,西北风 ,4级,13:04:52,"176
                                       "
2023-04-12 星期三 ,22℃,11℃,多云~晴,西南风 ,3级,13:07:25,"305
                                       "
2023-04-13 星期四 ,22℃,13℃,多云,东南风 ,1级,13:09:57,"277
                                       "
2023-04-14 星期五 ,20℃,8℃,多云~晴,西北风 ,4级,13:12:28,"471
                                       "
2023-04-15 星期六 ,20℃,7℃,多云~晴,西北风 ,2级,13:14:58,"191
                                       "
2023-04-16 星期日 ,21℃,10℃,多云,南风 ,2级,13:17:29,"72
                                       "
2023-04-17 星期一 ,21℃,10℃,多云,东北风 ,2级,13:19:59,"49
                                       "
2023-04-18 星期二 ,27℃,9℃,多云~晴,南风 ,1级,13:22:27,"81
                                       "
2023-04-19 星期三 ,26℃,16℃,多云~扬沙,西南风 ,3级,13:24:55,"71
                                       "
2023-04-20 星期四 ,18℃,12℃,多云~阴,东北风 ,4级,13:27:22,"78
                                       "
2023-04-21 星期五 ,14℃,8℃,多云~小雨,西南风 ,3级,13:29:48,"73
                                       "
2023-04-22 星期六 ,14℃,7℃,多云,南风 ,1级,13:32:13,"38
                                       "
2023-04-23 星期日 ,16℃,6℃,多云,东南风 ,2级,13:34:38,"32
                                       "
2023-04-24 星期一 ,17℃,8℃,多云~阴,西南风 ,3级,13:37:02,"52
                                       "
2023-04-25 星期二 ,20℃,5℃,多云~晴,西北风 ,3级,13:39:24,"56
                                       "
2023-04-26 星期三 ,19℃,10℃,多云,西南风 ,3级,13:41:46,"65
                                       "
2023-04-27 星期四 ,20℃,12℃,多云~小雨,西北风 ,1级,13:44:07,"51
                                       "
2023-04-28 星期五 ,21℃,11℃,雾~多云,西南风 ,2级,13:46:26,"82
                                       "
2023-04-29 星期六 ,24℃,9℃,多云~晴,西北风 ,3级,13:48:45,"67
                                       "
2023-04-30 星期日 ,24℃,11℃,多云~晴,西南风 ,1级,13:51:01,"41
                                       "
2023-05-01 星期一 ,25℃,16℃,多云~小雨,西北风 ,3级,13:53:18,"42
                                       "
2023-05-02 星期二 ,28℃,16℃,多云~晴,东北风 ,3级,13:55:32,"70
                                       "
2023-05-03 星期三 ,27℃,15℃,多云,东南风 ,2级,13:57:45,"77
                                       "
2023-05-04 星期四 ,20℃,15℃,多云~小雨,西北风 ,2级,13:59:57,"82
                                       "
2023-05-05 星期五 ,19℃,14℃,多云,西北风 ,2级,14:02:08,"53
                                       "
2023-05-06 星期六 ,24℃,12℃,多云~晴,东风 ,1级,14:04:17,"23
                                       "
2023-05-07 星期日 ,26℃,11℃,晴,南风 ,1级,14:06:24,"29
                                       "
2023-05-08 星期一 ,28℃,13℃,多云,东南风 ,2级,14:08:30,"37
                                       "
2023-05-09 星期二 ,27℃,14℃,多云,东风 ,3级,14:10:34,"48
                                       "
2023-05-10 星期三 ,27℃,14℃,多云,西南风 ,6级,14:12:37,"58
                                       "
2023-05-11 星期四 ,27℃,13℃,多云,西北风 ,2级,14:14:37,"55
                                       "
2023-05-12 星期五 ,25℃,15℃,小雨~晴,西南风 ,2级,14:16:36,"70
                                       "
2023-05-13 星期六 ,28℃,16℃,多云~晴,东风 ,4级,14:18:34,"57
                                       "
2023-05-14 星期日 ,30℃,16℃,晴,东北风 ,2级,14:20:29,"33
                                       "
2023-05-15 星期一 ,34℃,22℃,多云~晴,东南风 ,3级,14:22:22,"69
                                       "
2023-05-16 星期二 ,34℃,20℃,多云~小雨,西北风 ,1级,14:24:14,"98
                                       "
2023-05-17 星期三 ,27℃,15℃,多云,东北风 ,3级,14:26:03,"84
                                       "
2023-05-18 星期四 ,28℃,14℃,多云~小雨,东南风 ,2级,14:27:49,"56
                                       "
2023-05-19 星期五 ,20℃,14℃,小雨~扬沙,北风 ,5级,14:29:34,"49
                                       "
2023-05-20 星期六 ,24℃,16℃,多云~扬沙,南风 ,2级,14:31:16,"62
                                       "
2023-05-21 星期日 ,26℃,15℃,多云,北风 ,3级,14:32:57,"158
                                       "
2023-05-22 星期一 ,30℃,15℃,晴,东南风 ,1级,14:34:34,"91
                                       "
2023-05-23 星期二 ,30℃,18℃,多云,南风 ,2级,14:36:09,"37
                                       "
2023-05-24 星期三 ,28℃,18℃,多云~小雨,南风 ,2级,14:37:42,"43
                                       "
2023-05-25 星期四 ,25℃,16℃,多云,西北风 ,2级,14:39:12,"70
                                       "
2023-05-26 星期五 ,29℃,19℃,多云,西风 ,2级,14:40:39,"63
                                       "
2023-05-27 星期六 ,22℃,16℃,小雨~多云,东北风 ,2级,14:42:04,"75
                                       "
2023-05-28 星期日 ,28℃,19℃,多云~晴,西风 ,3级,14:43:26,"85
                                       "
2023-05-29 星期一 ,31℃,19℃,多云~小雨,西南风 ,3级,14:44:46,"51
                                       "
2023-05-30 星期二 ,25℃,15℃,多云,东北风 ,4级,14:46:02,"66
                                       "
2023-05-31 星期三 ,26℃,16℃,多云,东南风 ,3级,14:47:15,"54
                                       "
2023-06-01 星期四 ,31℃,16℃,多云~晴,东北风 ,2级,14:48:25,"60
                                       "
2023-06-02 星期五 ,31℃,17℃,多云,东南风 ,2级,14:49:33,"55
                                       "
2023-06-03 星期六 ,33℃,19℃,多云,西南风 ,2级,14:50:37,"35
                                       "
2023-06-04 星期日 ,33℃,20℃,多云~晴,西风 ,2级,14:51:39,"36
                                       "
2023-06-05 星期一 ,35℃,21℃,多云,东南风 ,3级,14:52:36,"36
                                       "
2023-06-06 星期二 ,34℃,22℃,晴,西南风 ,1级,14:53:31,"53
                                       "
2023-06-07 星期三 ,37℃,21℃,阴~晴,南风 ,4级,14:54:23,"36
                                       "
2023-06-08 星期四 ,34℃,19℃,多云,西风 ,4级,14:55:11,"52
                                       "
2023-06-09 星期五 ,34℃,20℃,多云,北风 ,3级,14:55:56,"40
                                       "
2023-06-10 星期六 ,30℃,17℃,多云~晴,东风 ,4级,14:56:37,"30
                                       "
2023-06-11 星期日 ,30℃,17℃,小雨,西北风 ,3级,14:57:15,"27
                                       "
2023-06-12 星期一 ,30℃,19℃,多云,西风 ,2级,14:57:51,"32
                                       "
2023-06-13 星期二 ,33℃,20℃,晴,西北风 ,2级,14:58:22,"40
                                       "
2023-06-14 星期三 ,36℃,21℃,多云~晴,北风 ,4级,14:58:49,"32
                                       "
2023-06-15 星期四 ,37℃,23℃,晴,北风 ,3级,14:59:13,"79
                                       "
2023-06-16 星期五 ,39℃,24℃,晴,北风 ,4级,14:59:34,"94
                                       "
2023-06-17 星期六 ,37℃,22℃,多云~晴,北风 ,2级,14:59:51,"99
                                       "
2023-06-18 星期日 ,34℃,22℃,多云,东南风 ,2级,15:00:04,"90
                                       "
2023-06-19 星期一 ,28℃,18℃,小雨,东风 ,1级,15:00:14,"90
                                       "
2023-06-20 星期二 ,34℃,19℃,多云~晴,东风 ,1级,15:00:21,"69
                                       "
2023-06-21 星期三 ,38℃,22℃,多云~晴,北风 ,3级,15:00:23,"41
                                       "
2023-06-22 星期四 ,41℃,24℃,多云~晴,西北风 ,3级,15:00:23,"35
                                       "
2023-06-23 星期五 ,40℃,26℃,多云,南风 ,3级,15:00:19,"66
                                       "
2023-06-24 星期六 ,40℃,25℃,多云~晴,南风 ,2级,15:00:10,"85
                                       "
2023-06-25 星期日 ,34℃,22℃,多云,东南风 ,2级,14:59:59,"77
                                       "
2023-06-26 星期一 ,32℃,24℃,多云,东北风 ,2级,14:59:44,"73
                                       "
2023-06-27 星期二 ,30℃,25℃,小雨到大雨,西风 ,4级,14:59:25,"49
                                       "
2023-06-28 星期三 ,35℃,25℃,晴,西北风 ,3级,14:59:02,"65
                                       "
2023-06-29 星期四 ,17℃,10℃,晴,西风 ,4级,14:58:37,"46
                                       "
2023-06-30 星期五 ,30℃,26℃,小雨,西南风 ,3级,14:58:08,"48
                                       "
2023-07-01 星期六 ,39℃,25℃,多云,东北风 ,2级,14:57:35,"81
                                       "
2023-07-02 星期日 ,38℃,24℃,多云,南风 ,2级,14:56:59,"81
                                       "
2023-07-03 星期一 ,33℃,23℃,多云~中雨,东南风 ,1级,14:56:19,"90
                                       "
2023-07-04 星期二 ,31℃,21℃,小雨~晴,西风 ,5级,14:55:37,"65
                                       "
2023-07-05 星期三 ,40℃,23℃,晴,东南风 ,3级,14:54:51,"39
                                       "
2023-07-06 星期四 ,41℃,24℃,晴,西风 ,2级,14:54:01,"44
                                       "
2023-07-07 星期五 ,37℃,23℃,多云~晴,西北风 ,3级,14:53:09,"58
                                       "
2023-07-08 星期六 ,37℃,24℃,晴,西风 ,3级,14:52:12,"43
                                       "
2023-07-09 星期日 ,38℃,25℃,晴,南风 ,2级,14:51:14,"29
                                       "
2023-07-10 星期一 ,39℃,26℃,多云~小雨,南风 ,3级,14:50:12,"29
                                       "
2023-07-11 星期二 ,34℃,24℃,多云~小雨,西南风 ,1级,14:49:06,"65
                                       "
2023-07-12 星期三 ,23℃,21℃,小雨,西南风 ,2级,14:47:58,"63
                                       "
2023-07-13 星期四 ,23℃,22℃,小雨~多云,南风 ,1级,14:46:47,"35
                                       "
2023-07-14 星期五 ,35℃,23℃,多云~晴,西南风 ,5级,14:45:33,"24
                                       "
2023-07-15 星期六 ,32℃,23℃,阴~晴,西风 ,1级,14:44:16,"34
                                       "
2023-07-16 星期日 ,36℃,21℃,晴,西南风 ,2级,14:42:56,"28
                                       "
2023-07-17 星期一 ,36℃,23℃,晴,西北风 ,2级,14:41:33,"30
                                       "
2023-07-18 星期二 ,36℃,25℃,晴,东南风 ,4级,14:40:08,"65
                                       "
2023-07-19 星期三 ,37℃,24℃,晴,北风 ,2级,14:38:41,"68
                                       "
2023-07-20 星期四 ,36℃,24℃,小雨~雷阵雨,东北风 ,1级,14:37:10,"74
                                       "
2023-07-21 星期五 ,27℃,21℃,小雨~中雨,东南风 ,2级,14:35:37,"71
                                       "
2023-07-22 星期六 ,26℃,22℃,暴雨~多云,西南风 ,4级,14:34:02,"45
                                       "
2023-07-23 星期日 ,34℃,24℃,多云,西北风 ,3级,14:32:24,"34
                                       "
2023-07-24 星期一 ,34℃,24℃,多云~雷阵雨,西南风 ,2级,14:30:44,"37
                                       "
2023-07-25 星期二 ,34℃,24℃,晴~多云,北风 ,4级,14:29:02,"61
                                       "
2023-07-26 星期三 ,34℃,24℃,大雨~小雨,西南风 ,2级,14:27:17,"50
                                       "
2023-07-27 星期四 ,33℃,24℃,多云~小雨,西南风 ,4级,14:25:30,"57
                                       "
2023-07-28 星期五 ,30℃,23℃,阴~小雨,北风 ,1级,14:23:42,"49
                                       "
2023-07-29 星期六 ,29℃,23℃,小雨~大雨,西北风 ,2级,14:21:51,"26
                                       "
2023-07-30 星期日 ,24℃,21℃,大暴雨~暴雨,南风 ,1级,14:19:59,"29
                                       "
2023-07-31 星期一 ,26℃,24℃,暴雨~大雨,南风 ,2级,14:18:04,"11
                                       "
2023-08-01 星期二 ,28℃,25℃,中雨~小雨,东南风 ,2级,14:16:07,"17
                                       "
2023-08-02 星期三 ,31℃,26℃,多云~晴,西南风 ,3级,14:14:09,"30
                                       "
2023-08-03 星期四 ,32℃,26℃,多云~小雨,西南风 ,2级,14:12:09,"37
                                       "
2023-08-04 星期五 ,34℃,26℃,多云,东北风 ,1级,14:10:07,"57
                                       "
2023-08-05 星期六 ,36℃,25℃,阴~小雨,东北风 ,2级,14:08:05,"44
                                       "
2023-08-06 星期日 ,28℃,23℃,阴~多云,南风 ,2级,14:05:59,"33
                                       "
2023-08-07 星期一 ,27℃,23℃,阴~小雨,东南风 ,1级,14:03:53,"32
                                       "
2023-08-08 星期二 ,31℃,24℃,多云,南风 ,2级,14:01:45,"46
                                       "
2023-08-09 星期三 ,33℃,24℃,多云~小雨,东南风 ,1级,13:59:36,"55
                                       "
2023-08-10 星期四 ,32℃,23℃,多云~阴,东南风 ,2级,13:57:25,"70
                                       "
2023-08-11 星期五 ,29℃,23℃,阴~中雨,东南风 ,1级,13:55:14,"71
                                       "
2023-08-12 星期六 ,31℃,22℃,阴~晴,东风 ,2级,13:53:00,"62
                                       "
2023-08-13 星期日 ,34℃,23℃,多云~晴,南风 ,1级,13:50:46,"26
                                       "
2023-08-14 星期一 ,35℃,24℃,晴,西南风 ,1级,13:48:30,"30
                                       "
2023-08-15 星期二 ,34℃,24℃,阴~晴,西南风 ,2级,13:46:13,"44
                                       "
2023-08-16 星期三 ,35℃,24℃,阴~多云,南风 ,1级,13:43:55,"54
                                       "
2023-08-17 星期四 ,32℃,25℃,阴,东南风 ,2级,13:41:36,"61
                                       "
2023-08-18 星期五 ,36℃,22℃,阴~多云,西北风 ,1级,13:39:16,"56
                                       "
2023-08-19 星期六 ,35℃,23℃,晴~多云,东南风 ,1级,13:36:55,"51
                                       "
2023-08-20 星期日 ,33℃,23℃,阴~中雨,东南风 ,2级,13:34:33,"65
                                       "
2023-08-21 星期一 ,29℃,22℃,阴~晴,西南风 ,2级,13:32:11,"55
                                       "
2023-08-22 星期二 ,31℃,20℃,晴,东北风 ,2级,13:29:48,"38
                                       "
2023-08-23 星期三 ,31℃,21℃,多云~雷阵雨,东南风 ,1级,13:27:23,"25
                                       "
2023-08-24 星期四 ,22℃,18℃,小雨~多云,东北风 ,1级,13:24:58,"29
                                       "
2023-08-25 星期五 ,28℃,21℃,阴~雷阵雨,西南风 ,1级,13:22:33,"24
                                       "
2023-08-26 星期六 ,25℃,25℃,多云,东南风 ,4级,13:20:06,"30
                                       "
2023-08-27 星期日 ,32℃,22℃,晴,西风 ,1级,13:17:38,"30
                                       "
2023-08-28 星期一 ,33℃,25℃,多云,东南风 ,3级,13:15:10,"39
                                       "
2023-08-29 星期二 ,22℃,10℃,阴,北风 ,2级,13:12:41,"28
                                       "
2023-08-30 星期三 ,32℃,20℃,晴,西南风 ,3级,13:10:13,"27
                                       "
2023-08-31 星期四 ,25℃,24℃,晴,东南风 ,4级,13:07:43,"32
                                       "
2023-09-01 星期五 ,30℃,20℃,阴~多云,西南风 ,1级,13:05:12,"37
                                       "
2023-09-02 星期六 ,28℃,20℃,多云~雷阵雨,南风 ,2级,13:02:42,"39
                                       "
2023-09-03 星期日 ,30℃,21℃,阴~多云,东南风 ,1级,13:00:11,"47
                                       "
2023-09-04 星期一 ,30℃,22℃,阴~晴,南风 ,1级,12:57:39,"49
                                       "
2023-09-05 星期二 ,32℃,22℃,阴~多云,东南风 ,2级,12:55:07,"71
                                       "
2023-09-06 星期三 ,32℃,22℃,阴~晴,西南风 ,2级,12:52:35,"99
                                       "
2023-09-07 星期四 ,31℃,23℃,多云~阴,西南风 ,3级,12:50:02,"90
                                       "
2023-09-08 星期五 ,28℃,22℃,阴~雷阵雨,北风 ,2级,12:47:28,"82
                                       "
2023-09-09 星期六 ,23℃,20℃,中雨~小雨,东南风 ,1级,12:44:55,"96
                                       "
2023-09-10 星期日 ,24℃,20℃,阴~多云,南风 ,1级,12:42:21,"28
                                       "
2023-09-11 星期一 ,29℃,19℃,阴~多云,东北风 ,2级,12:39:47,"31
                                       "
2023-09-12 星期二 ,27℃,16℃,晴,东南风 ,1级,12:37:12,"43
                                       "
2023-09-13 星期三 ,27℃,16℃,晴,南风 ,2级,12:34:38,"22
                                       "
2023-09-14 星期四 ,29℃,16℃,多云~晴,西南风 ,2级,12:32:03,"39
                                       "
2023-09-15 星期五 ,29℃,17℃,晴,南风 ,2级,12:29:28,"53
                                       "
2023-09-16 星期六 ,29℃,19℃,多云,南风 ,2级,12:26:53,"62
                                       "
2023-09-17 星期日 ,29℃,19℃,阴~多云,西南风 ,2级,12:24:17,"74
                                       "
2023-09-18 星期一 ,30℃,19℃,阴~晴,东南风 ,1级,12:21:41,"75
                                       "
2023-09-19 星期二 ,24℃,15℃,阴~晴,东北风 ,2级,12:19:05,"37
                                       "
2023-09-20 星期三 ,27℃,15℃,多云,东北风 ,1级,12:16:30,"23
                                       "
2023-09-21 星期四 ,28℃,16℃,晴~多云,西南风 ,1级,12:13:53,"24
                                       "
2023-09-22 星期五 ,27℃,16℃,多云,东北风 ,3级,12:11:17,"43
                                       "
2023-09-23 星期六 ,25℃,15℃,阴~多云,东南风 ,2级,12:08:41,"29
                                       "
2023-09-24 星期日 ,21℃,15℃,小雨~多云,西南风 ,1级,12:06:05,"33
                                       "
2023-09-25 星期一 ,22℃,15℃,阴~多云,西南风 ,1级,12:03:29,"45
                                       "
2023-09-26 星期二 ,24℃,16℃,阴~多云,西南风 ,2级,12:00:53,"45
                                       "
2023-09-27 星期三 ,28℃,13℃,阴~晴,西北风 ,2级,11:58:16,"64
                                       "
2023-09-28 星期四 ,26℃,15℃,阴,西南风 ,1级,11:55:40,"53
                                       "
2023-09-29 星期五 ,27℃,14℃,多云~晴,西北风 ,2级,11:53:03,"27
                                       "
2023-09-30 星期六 ,25℃,11℃,晴,西北风 ,3级,11:50:28,"42
                                       "
2023-10-01 星期日 ,26℃,11℃,晴,西南风 ,1级,11:47:52,"21
                                       "
2023-10-02 星期一 ,23℃,14℃,阴~多云,西南风 ,2级,11:45:16,"27
                                       "
2023-10-03 星期二 ,25℃,15℃,多云,西南风 ,2级,11:42:40,"49
                                       "
2023-10-04 星期三 ,24℃,9℃,阴~晴,西北风 ,3级,11:40:04,"55
                                       "
2023-10-05 星期四 ,21℃,12℃,阴~多云,西南风 ,1级,11:37:29,"22
                                       "
2023-10-06 星期五 ,22℃,11℃,阴~多云,东风 ,1级,11:34:54,"22
                                       "
2023-10-07 星期六 ,22℃,11℃,多云~小雨,西南风 ,2级,11:32:19,"35
                                       "
2023-10-08 星期日 ,22℃,12℃,阴~多云,西北风 ,2级,11:29:44,"58
                                       "
2023-10-09 星期一 ,23℃,10℃,阴~晴,北风 ,3级,11:27:10,"43
                                       "
2023-10-10 星期二 ,23℃,10℃,多云~晴,南风 ,1级,11:24:36,"20
                                       "
2023-10-11 星期三 ,23℃,12℃,晴~小雨,西南风 ,2级,11:22:02,"27
                                       "
2023-10-12 星期四 ,20℃,12℃,小雨,西南风 ,2级,11:19:28,"50
                                       "
2023-10-13 星期五 ,22℃,9℃,阴~晴,西北风 ,3级,11:16:54,"91
                                       "
2023-10-14 星期六 ,24℃,10℃,晴,西北风 ,2级,11:14:21,"58
                                       "
2023-10-15 星期日 ,23℃,7℃,晴,东北风 ,2级,11:11:49,"22
                                       "
2023-10-16 星期一 ,21℃,8℃,晴,南风 ,1级,11:09:17,"27
                                       "
2023-10-17 星期二 ,21℃,14℃,晴~小雨,西南风 ,1级,11:06:46,"34
                                       "
2023-10-18 星期三 ,22℃,11℃,阴~多云,西北风 ,3级,11:04:15,"59
                                       "
2023-10-19 星期四 ,20℃,6℃,多云~晴,西北风 ,3级,11:01:45,"31
                                       "
2023-10-20 星期五 ,18℃,5℃,晴,西北风 ,3级,10:59:15,"19
                                       "
2023-10-21 星期六 ,22℃,6℃,晴,西南风 ,1级,10:56:46,"23
                                       "
2023-10-22 星期日 ,23℃,7℃,晴,南风 ,1级,10:54:17,"167
                                       "
2023-10-23 星期一 ,20℃,8℃,晴~雾,西南风 ,1级,10:51:50,"109
                                       "
2023-10-24 星期二 ,23℃,9℃,晴,西南风 ,1级,10:49:23,"34
                                       "
2023-10-25 星期三 ,27℃,10℃,晴,西北风 ,2级,10:46:56,"64
                                       "
2023-10-26 星期四 ,22℃,6℃,晴,南风 ,2级,10:44:31,"43
                                       "
2023-10-27 星期五 ,22℃,7℃,阴~晴,西南风 ,1级,10:42:06,"43
                                       "
2023-10-28 星期六 ,21℃,9℃,晴~雾,东风 ,1级,10:39:43,"40
                                       "
2023-10-29 星期日 ,19℃,11℃,晴~雾,东北风 ,1级,10:37:20,"55
                                       "
2023-10-30 星期一 ,22℃,11℃,阴~雾,东北风 ,1级,10:34:59,"24
                                       "
2023-10-31 星期二 ,20℃,12℃,多云~雾,东南风 ,1级,10:32:37,"18
                                       "
2023-11-01 星期三 ,22℃,12℃,多云~雾,东南风 ,1级,10:30:18,"19
                                       "
2023-11-02 星期四 ,20℃,9℃,多云~晴,西北风 ,2级,10:28:00,"17
                                       "
2023-11-03 星期五 ,17℃,6℃,阴~多云,东南风 ,2级,10:25:42,"35
                                       "
2023-11-04 星期六 ,16℃,10℃,阴~小雨,东南风 ,1级,10:23:27,"57
                                       "
2023-11-05 星期日 ,11℃,5℃,中雨~阴,东北风 ,2级,10:21:11,"69
                                       "
2023-11-06 星期一 ,8℃,0℃,多云~晴,西北风 ,4级,10:18:59,"25
                                       "
2023-11-07 星期二 ,12℃,2℃,多云,南风 ,2级,10:16:46,"18
                                       "
2023-11-08 星期三 ,14℃,2℃,晴,东北风 ,1级,10:14:37,"40
                                       "
2023-11-09 星期四 ,8℃,-2℃,晴,西北风 ,4级,10:12:27,"55
                                       "
2023-11-10 星期五 ,5℃,-4℃,阴~多云,北风 ,2级,10:10:20,"88
                                       "
2023-11-11 星期六 ,7℃,-2℃,晴~多云,西北风 ,2级,10:08:14,"150
                                       "
2023-11-12 星期日 ,6℃,-4℃,晴,西北风 ,3级,10:06:10,"123
                                       "
2023-11-13 星期一 ,7℃,-3℃,阴~多云,西南风 ,1级,10:04:09,"23
                                       "
2023-11-14 星期二 ,11℃,-2℃,晴~多云,西南风 ,1级,10:02:09,"25
                                       "
2023-11-15 星期三 ,9℃,2℃,阴,西南风 ,1级,10:00:10,"54
                                       "
2023-11-16 星期四 ,11℃,-1℃,阴~晴,西北风 ,3级,9:58:14,"63
                                       "
2023-11-17 星期五 ,9℃,-2℃,晴,西北风 ,4级,9:56:20,"46
                                       "
2023-11-18 星期六 ,11℃,0℃,晴,西南风 ,1级,9:54:28,"28
                                       "
2023-11-19 星期日 ,17℃,0℃,晴,北风 ,2级,9:52:38,"20
                                       "
2023-11-20 星期一 ,15℃,1℃,多云,西南风 ,1级,9:50:51,"20
                                       "
2023-11-21 星期二 ,12℃,3℃,多云,东北风 ,1级,9:49:06,"36
                                       "
2023-11-22 星期三 ,16℃,-2℃,多云,西北风 ,2级,9:47:23,"51
                                       "
2023-11-23 星期四 ,1℃,-8℃,晴,西北风 ,4级,9:45:43,"56
                                       "
2023-11-24 星期五 ,1℃,-6℃,晴~多云,北风 ,1级,9:44:05,"80
                                       "
2023-11-25 星期六 ,1℃,-6℃,阴~多云,南风 ,2级,9:42:30,"99
                                       "
2023-11-26 星期日 ,2℃,-5℃,阴~晴,东南风 ,1级,9:40:58,"107
                                       "
2023-11-27 星期一 ,10℃,-5℃,多云,西北风 ,3级,9:39:28,"174
                                       "
2023-11-28 星期二 ,4℃,-4℃,多云~晴,西南风 ,2级,9:38:02,"147
                                       "
2023-11-29 星期三 ,1℃,-5℃,晴,西北风 ,4级,9:36:39,"83
                                       "
2023-11-30 星期四 ,3℃,-6℃,晴,西北风 ,3级,9:35:17,"56
                                       "
2023-12-01 星期五 ,3℃,-6℃,晴,西北风 ,1级,9:34:01,"41
                                       "
2023-12-02 星期六 ,10℃,-5℃,阴~晴,北风 ,2级,9:32:46,"76
                                       "
2023-12-03 星期日 ,9℃,-4℃,晴,西南风 ,1级,9:31:34,"104
                                       "
2023-12-04 星期一 ,10℃,-3℃,阴~晴,北风 ,1级,9:30:26,"72
                                       "
2023-12-05 星期二 ,8℃,-1℃,多云,西风 ,1级,9:29:22,"19
                                       "
2023-12-06 星期三 ,11℃,-2℃,晴,西北风 ,2级,9:28:21,"19
                                       "
2023-12-07 星期四 ,9℃,-2℃,多云~晴,东北风 ,1级,9:27:23,"29
                                       "
2023-12-08 星期五 ,12℃,-2℃,多云~晴,西北风 ,1级,9:26:29,"69
                                       "
2023-12-09 星期六 ,8℃,-3℃,多云,东南风 ,1级,9:25:38,"42
                                       "
2023-12-10 星期日 ,0℃,-4℃,阴~小雪,东南风 ,2级,9:24:51,"19
                                       "
2023-12-11 星期一 ,-1℃,-7℃,阴~多云,西风 ,1级,9:24:08,"22
                                       "
2023-12-12 星期二 ,-2℃,-4℃,多云~阴,南风 ,2级,9:23:28,"35
                                       "
2023-12-13 星期三 ,-1℃,-5℃,中雪,东风 ,2级,9:22:52,"42
                                       "
2023-12-14 星期四 ,-3℃,-7℃,中雪~小雪,东南风 ,1级,9:22:19,"49
                                       "
2023-12-15 星期五 ,-4℃,-13℃,阴~多云,西北风 ,3级,9:21:51,"67
                                       "
2023-12-16 星期六 ,-7℃,-16℃,晴,西北风 ,4级,9:21:26,"55
                                       "
2023-12-17 星期日 ,-6℃,-14℃,晴~多云,西南风 ,1级,9:21:06,"45
                                       "
2023-12-18 星期一 ,-4℃,-12℃,阴~晴,东南风 ,1级,9:20:49,"62
                                       "
2023-12-19 星期二 ,-6℃,-12℃,多云~晴,西北风 ,4级,9:20:36,"123
                                       "
2023-12-20 星期三 ,-7℃,-15℃,晴,西北风 ,3级,9:20:27,"163
                                       "
2023-12-21 星期四 ,-5℃,-13℃,晴,西北风 ,3级,9:20:22,"27
                                       "
2023-12-22 星期五 ,-3℃,-11℃,晴~多云,西北风 ,1级,9:20:20,23
2023-12-23 星期六 ,0℃,-9℃,晴,西北风 ,2级,9:20:24,33
2023-12-24 星期日 ,0℃,-9℃,阴~晴,西北风 ,2级,9:20:30,123
2023-12-25 星期一 ,1℃,-7℃,晴~多云,西南风 ,1级,9:20:41,45
2023-12-26 星期二 ,3℃,-7℃,多云~晴,东北风 ,1级,9:20:55,56
2023-12-27 星期三 ,2℃,-9℃,晴,西北风 ,1级,9:21:14,89
2023-12-28 星期四 ,4℃,-8℃,晴,西北风 ,1级,9:21:37,89
2023-12-29 星期五 ,3℃,-6℃,多云~阴,西北风, 微,9:22:03,155
2023-12-30 星期六 ,2℃,-2℃,多云~晴,西北风 ,1级,9:22:33,166
2023-12-31 星期日 ,5℃,-8℃,晴~多云,北风 ,2级,9:23:07,177
